date,月份,星期,淡旺季,LeadTime,QAIndex,AI啟動,龍華一廠,龍華二廠,龍華三廠,LCM廠,觀瀾廠,模具部,製工部,製程部,QA部,AI部,總經理室,財務部,管理部,業務一部,業務二部,深圳總產能下之總費用,CapaUtilization
2019/8/1,8,4,旺季,急單,紅,ON,757596,2869755,11056108,26991292,1335383,32456,17977,54250,81386,13531,3123,29085,88243,33493,45250,50000000,0.8602
2019/8/2,8,5,旺季,急單,紅,ON,746413,2785665,10719651,26007947,1301762,41616,29663,64984,74592,18647,3329,33499,86518,27652,44417,50000000,0.8312
2019/8/3,8,6,旺季,急單,綠,ON,701001,2457011,11441965,26855035,1169504,21723,6761,38342,78186,7780,3357,28964,86549,40356,46059,50000000,0.8525
2019/8/4,8,7,旺季,急單,綠,ON,712124,2535601,11007733,24816714,1201262,20300,5562,38039,76472,7374,3582,32040,84827,27047,44321,50000000,0.8055
2019/8/5,8,1,旺季,急單,紅,ON,840953,3536009,9479498,23076859,1599146,26755,11143,54912,83633,11580,3305,20738,55380,72060,48577,50000000,0.7706
2019/8/6,8,2,旺季,急單,綠,OFF,626046,1959666,11493869,27480844,966245,15642,2829,28687,65476,5152,2308,20801,55029,40709,46097,50000000,0.8505
2019/8/7,8,3,旺季,急單,綠,ON,785013,3081223,10495755,25316796,1419581,15686,6167,44830,50676,8575,2798,24567,53796,47123,46732,50000000,0.822
2019/8/8,8,4,旺季,急單,綠,ON,1123091,6306671,10034329,24164921,2663769,5063,2749,77047,12940,12382,3506,21361,49413,29374,44680,50000000,0.8859
2019/8/9,8,5,旺季,急單,綠,ON,917685,4210733,10595918,25710896,1862420,15791,3747,55031,62094,9379,3187,32976,46165,43851,46420,50000000,0.866
2019/8/10,8,6,旺季,急單,綠,ON,902805,4075288,10896226,27477742,1809832,21150,2795,52576,93173,8725,3736,19448,50438,31402,44970,50000000,0.9032
2019/8/11,8,7,旺季,急單,綠,ON,874171,3820873,9771906,21860162,1710710,15080,2792,49743,62835,8299,2221,19495,49302,79308,48993,50000000,0.7608
2019/8/12,8,1,旺季,急單,綠,ON,764858,2925037,11671299,23382548,1357441,21011,5014,41913,82490,7791,4053,25925,50090,72060,48577,50000000,0.802
2019/8/13,8,2,旺季,急單,紅,ON,646105,2087257,11164465,26371838,1018805,26178,17078,44411,54042,11785,2388,24925,50536,18244,42611,50000000,0.8258
2019/8/14,8,3,旺季,急單,紅,ON,760758,2893762,11068829,25103164,1344966,42472,28180,64725,85550,18163,2755,25682,45188,47123,46732,50000000,0.8234
2019/8/15,8,4,旺季,急單,綠,ON,625339,1955247,10783323,25819803,964419,23032,6423,32229,86256,6761,2432,40472,49461,29374,44680,50000000,0.803
2019/8/16,8,5,旺季,急單,綠,ON,676426,2287762,10479056,24214420,1100800,19916,5283,34925,75807,6824,3672,52724,47199,43851,46420,50000000,0.7752
2019/8/17,8,6,旺季,急單,綠,OFF,645995,2086547,10435237,25262944,1018513,12990,3176,30502,50654,5528,4428,20738,46159,31402,44970,50000000,0.789
2019/8/18,8,7,旺季,急單,綠,ON,756863,2864204,12405310,25919282,1333166,10170,2829,39040,38119,6705,3432,20801,46046,12544,40984,50000000,0.8656
2019/8/19,8,1,旺季,急單,綠,ON,842271,3547101,11158820,24263139,1603503,25883,6167,50061,101659,9359,3081,24567,49862,45285,46560,50000000,0.8283
2019/8/20,8,2,旺季,急單,綠,ON,869047,3776210,10821946,25820554,1693260,18783,2749,49202,81544,8205,3506,21361,46393,15562,41921,50000000,0.8596
2019/8/21,8,3,旺季,急單,綠,ON,722829,2612406,10671577,25491178,1232216,22652,3747,37099,96396,6689,3187,32976,47280,41010,46129,50000000,0.8146
2019/8/22,8,4,淡季,急單,綠,ON,904755,4092908,10929911,24166021,1816680,16577,2795,52772,70306,8754,1416,19448,48302,17408,42407,50000000,0.8382
2019/8/23,8,5,淡季,急單,紅,ON,733499,2690106,10157960,23907911,1263452,25320,11366,45602,75453,10250,3097,26093,77639,52117,47170,50000000,0.7751
2019/8/24,8,6,淡季,急單,綠,ON,705529,2488856,11389944,27612159,1182383,17257,2886,34830,73300,6090,3183,20537,75765,44134,46448,50000000,0.8676
2019/8/25,8,7,淡季,急單,綠,ON,954052,4551075,10838864,25888621,1994051,20365,6291,61342,73518,11089,2735,25679,75022,43580,46393,50000000,0.8845
2019/8/26,8,1,淡季,急單,綠,ON,1020388,5205962,10426449,24820633,2245515,18588,2804,65068,80322,10601,3765,22245,72998,44762,46509,50000000,0.8744
2019/8/27,8,2,淡季,急單,綠,ON,910245,4142733,11225485,26024280,1836034,17838,3822,54352,71993,9299,2599,25799,70608,40436,46068,50000000,0.8828
2019/8/28,8,3,淡季,急單,綠,ON,888488,3947055,10925695,27563219,1759929,16556,2851,51206,69952,8536,3515,23685,73146,41396,46170,50000000,0.9017
2019/8/29,8,4,淡季,急單,綠,ON,819514,3358018,10451176,23045125,1529096,18335,2848,44624,78859,7548,2347,28297,71890,40723,46098,50000000,0.7841
2019/8/30,8,5,淡季,急單,綠,ON,705481,2488519,11384291,24175988,1182247,20412,5115,37055,79045,7093,3494,34777,72275,38228,45824,50000000,0.7987
2019/8/31,8,6,淡季,急單,紅,ON,703431,2474078,10914223,26697618,1176408,31714,17419,49194,80184,12605,3083,28712,87111,33063,45193,50000000,0.8393
2019/9/1,9,7,淡季,急單,紅,ON,693049,2401582,10582084,25724972,1147052,40567,28744,59690,73490,17577,3286,33069,85407,27298,44361,50000000,0.811
2019/9/2,9,1,淡季,急單,綠,ON,650883,2118242,11295128,26562843,1031522,21303,6552,34243,77031,7102,3314,28592,85438,39838,46003,50000000,0.8332
2019/9/3,9,2,淡季,急單,綠,ON,661211,2185997,10866469,24546700,1059271,19919,5389,33861,75342,6696,3536,31629,83738,26700,44265,50000000,0.7864
2019/9/4,9,3,淡季,急單,紅,ON,780829,3048471,9357846,22825775,1406571,26197,10797,49090,82397,10603,3262,20471,54669,71136,48521,50000000,0.7484
2019/9/5,9,4,淡季,計劃,綠,OFF,581287,1689470,11346366,27181844,853800,15369,2742,25449,64509,4640,2279,20534,54323,40187,46041,50000000,0.8331
2019/9/6,9,5,淡季,急單,綠,ON,728888,2656390,10361062,25041342,1249907,15364,5976,39829,49927,7767,2762,24251,53105,46519,46676,50000000,0.8008
2019/9/7,9,6,淡季,急單,綠,ON,1042796,5437118,9905556,23901999,2333771,4948,2664,67463,12749,10919,3461,21087,48779,28997,44624,50000000,0.8524
2019/9/8,9,7,淡季,急單,綠,ON,852076,3630164,10459938,25431154,1636093,15503,3631,48453,61177,8357,3146,32553,45573,43288,46364,50000000,0.8402
2019/9/9,9,1,淡季,急單,綠,ON,838259,3513394,10756392,27178776,1590261,20797,2708,46225,91796,7746,3688,19198,49791,30999,44914,50000000,0.8775
2019/9/10,9,2,淡季,急單,綠,ON,811672,3294057,9646502,21622317,1503855,14817,2706,43763,61907,7376,2192,19245,48669,78290,48937,50000000,0.7376
2019/9/11,9,3,淡季,急單,綠,ON,710174,2521738,11521519,23128138,1195666,20627,4859,37178,81271,7034,4001,25592,49447,71136,48521,50000000,0.7815
2019/9/12,9,4,淡季,急單,紅,ON,599912,1799470,11021190,26084904,899779,25542,16548,40542,53244,11046,2357,24605,49887,18010,42555,50000000,0.8081
2019/9/13,9,5,淡季,急單,紅,ON,706367,2494775,10926781,24830033,1184775,41433,27306,59318,84285,17090,2720,25352,44608,46519,46676,50000000,0.8029
2019/9/14,9,6,旺季,急單,綠,ON,580631,1685661,10644939,25538876,852202,22598,6224,28887,84981,6200,2401,39953,48826,28997,44624,50000000,0.786
2019/9/15,9,7,旺季,急單,綠,ON,628065,1972329,10344576,23950960,971476,19545,5120,31124,74686,6204,3625,52047,46593,43288,46364,50000000,0.7573
2019/9/16,9,1,旺季,急單,綠,OFF,599810,1798857,10301320,24988075,899524,12751,3078,27064,49906,4983,4371,20471,45566,30999,44914,50000000,0.7718
2019/9/17,9,2,旺季,急單,綠,OFF,702751,2469293,12246111,25637272,1174473,9979,2742,34462,37556,5992,3388,20534,45455,12383,40928,50000000,0.8446
2019/9/18,9,3,旺季,急單,綠,ON,782053,3058033,11015617,23999148,1410371,25410,5976,44377,100156,8449,3042,24251,49222,44703,46503,50000000,0.8053
2019/9/19,9,4,旺季,急單,綠,ON,806914,3255553,10683066,25539618,1488641,18465,2664,43289,80339,7293,3461,21087,45798,15363,41865,50000000,0.8355
2019/9/20,9,5,旺季,急單,綠,ON,671150,2252212,10534627,25213826,1086312,22262,3631,32864,94971,6019,3146,32553,46673,40484,46073,50000000,0.7952
2019/9/21,9,6,旺季,急單,綠,ON,840070,3528585,10789646,23903087,1596230,16291,2708,46395,69267,7772,1398,19198,47682,17184,42351,50000000,0.8132
2019/9/22,9,7,旺季,急單,紅,ON,681058,2319199,10027601,23647786,1113595,24780,11013,41016,74338,9456,3057,25758,76643,51448,47114,50000000,0.7558
2019/9/23,9,1,旺季,急單,綠,OFF,655087,2145697,11243775,27311730,1042776,16960,2797,30804,72217,5460,3143,20273,74792,43567,46392,50000000,0.848
2019/9/24,9,2,旺季,急單,綠,ON,885842,3923581,10699767,25606944,1750781,19972,6096,54190,72431,9957,2700,25350,74059,43021,46337,50000000,0.8573
2019/9/25,9,3,旺季,急單,綠,ON,947436,4488173,10292645,24550576,1969776,18273,2717,57073,79135,9376,3717,21959,72061,44188,46453,50000000,0.845
2019/9/26,9,4,旺季,急單,綠,ON,845168,3571541,11081427,25741128,1613097,17519,3703,47871,70930,8292,2565,25468,69702,39917,46012,50000000,0.857
2019/9/27,9,5,旺季,急單,綠,ON,824966,3402842,10785484,27263322,1546764,16270,2763,45041,68919,7585,3470,23381,72208,40865,46113,50000000,0.8765
2019/9/28,9,6,旺季,急單,綠,ON,760923,2895020,10317054,22794387,1345468,18023,2760,39319,77693,6726,2317,27934,70967,40200,46042,50000000,0.7623
2019/9/29,9,7,旺季,急單,綠,ON,655043,2145407,11238194,23912946,1042657,20036,4956,32961,77876,6431,3449,34331,71348,37737,45768,50000000,0.7799
2019/9/30,9,1,旺季,急單,紅,ON,653140,2132957,10774159,26407140,1037555,30991,16879,44740,78999,11775,3043,28343,85993,32639,45137,50000000,0.8201
2019/10/1,10,2,旺季,急單,紅,ON,643499,2070456,10446282,25445076,1011902,39548,27852,54992,72404,16605,3244,32645,84311,26947,44305,50000000,0.7923
2019/10/2,10,3,旺季,急單,綠,ON,604348,1826183,11150176,26273831,910902,20892,6349,30654,75893,6503,3271,28225,84342,39326,45947,50000000,0.8153
2019/10/3,10,4,旺季,急單,綠,ON,613937,1884595,10727018,24279625,935167,19546,5222,30207,74229,6098,3491,31223,82663,26357,44209,50000000,0.7688
2019/10/4,10,5,旺季,急單,紅,ON,725004,2628153,9237756,22577424,1238553,25652,10463,43994,81180,9738,3220,20209,53967,70223,48465,50000000,0.7281
2019/10/5,10,6,旺季,急單,綠,OFF,539728,1456529,11200757,26886097,755373,15102,2657,22619,63555,4190,2249,20271,53626,39671,45985,50000000,0.8168
2019/10/6,10,7,旺季,急單,綠,ON,676776,2290131,10228096,24768884,1101765,15050,5791,35460,49189,7056,2727,23940,52424,45922,46620,50000000,0.7813
2019/10/7,10,1,旺季,急單,綠,ON,968241,4687458,9778437,23641938,2046607,4836,2582,59139,12561,9645,3416,20816,48153,28625,44567,50000000,0.8225
2019/10/8,10,2,旺季,急單,綠,ON,791157,3129643,10325704,25154455,1438793,15221,3518,42726,60273,7464,3105,32135,44988,42733,46308,50000000,0.8168
2019/10/9,10,3,旺季,急單,綠,ON,778328,3028973,10618354,26883062,1398822,20450,2624,40697,90440,6892,3641,18952,49152,30602,44857,50000000,0.8542
2019/10/10,10,4,旺季,急單,綠,ON,753642,2839878,9522707,21387059,1323447,14558,2622,38557,60992,6570,2164,18998,48044,77285,48881,50000000,0.7165
2019/10/11,10,5,旺季,急單,綠,ON,659400,2174045,11373662,22876497,1054382,20251,4708,33043,80070,6369,3950,25264,48813,70223,48465,50000000,0.7628
2019/10/12,10,6,旺季,急單,紅,ON,557021,1551362,10879753,25801092,795631,24923,16035,37119,52457,10378,2327,24289,49247,17778,42499,50000000,0.7917
2019/10/13,10,7,旺季,急單,紅,ON,655866,2150800,10786555,24559875,1044866,40422,26460,54526,83040,16117,2685,25027,44036,45922,46620,50000000,0.784
2019/10/14,10,1,旺季,急單,綠,OFF,539119,1453245,10508331,25261005,753974,22173,6031,25955,83725,5703,2370,39440,48200,28625,44567,50000000,0.7703
2019/10/15,10,2,旺季,急單,綠,OFF,583162,1700388,10211823,23690366,858377,19181,4961,27796,73583,5658,3578,51380,45995,42733,46308,50000000,0.7409
2019/10/16,10,3,旺季,急單,綠,OFF,556926,1550834,10169121,24716197,795408,12518,2982,24060,49168,4504,4315,20209,44982,30602,44857,50000000,0.7558
2019/10/17,10,4,旺季,急單,綠,OFF,652508,2128831,12088954,25358330,1035864,9791,2657,30470,37001,5368,3344,20271,44872,12224,40872,50000000,0.8253
2019/10/18,10,5,旺季,急單,綠,ON,726140,2636397,10874251,23738030,1241869,24947,5791,39416,98676,7650,3003,23940,48590,44130,46447,50000000,0.7843
2019/10/19,10,6,旺季,急單,綠,ON,749224,2806683,10545968,25261739,1310173,18154,2582,38141,79151,6496,3416,20816,45210,15165,41809,50000000,0.8135
2019/10/20,10,7,旺季,急單,綠,OFF,623166,1941681,10399434,24939491,958810,21880,3518,29167,93568,5430,3105,32135,46074,39964,46017,50000000,0.7773
2019/10/21,10,1,旺季,急單,綠,ON,780009,3042070,10651181,23643014,1404028,16011,2624,40845,68243,6914,1380,18952,47070,16964,42295,50000000,0.7904
2019/10/22,10,2,旺季,急單,紅,ON,632366,1999432,9898915,23390490,982660,24253,10672,36990,73240,8750,3018,25428,75660,50788,47058,50000000,0.7381
2019/10/23,10,3,旺季,急單,綠,OFF,608252,1849852,11099482,27014570,920743,16669,2710,27291,71150,4907,3102,20013,73833,43008,46336,50000000,0.8299
2019/10/24,10,4,旺季,急單,綠,ON,822509,3382605,10562455,25328333,1538789,19588,5907,47958,71361,8966,2666,25024,73109,42469,46281,50000000,0.8327
2019/10/25,10,5,旺季,急單,綠,ON,879699,3869352,10160558,24283458,1729633,17963,2633,50124,77966,8308,3669,21677,71136,43621,46397,50000000,0.8185
2019/10/26,10,6,旺季,急單,綠,ON,784742,3079103,10939217,25461056,1418739,17206,3589,42227,69881,7411,2532,25141,68807,39405,45955,50000000,0.8337
2019/10/27,10,7,旺季,急單,綠,ON,765985,2933664,10647072,26966689,1360880,15989,2677,39673,67900,6754,3425,23081,71281,40340,46057,50000000,0.8535
2019/10/28,10,1,旺季,急單,綠,ON,706521,2495860,10184653,22546377,1185214,17716,2674,34698,76545,6007,2287,27576,70057,39684,45986,50000000,0.7424
2019/10/29,10,2,旺季,急單,綠,OFF,608211,1849602,11093972,23652765,920639,19667,4803,29381,76725,5848,3404,33890,70432,37253,45712,50000000,0.7625
2019/10/30,10,3,旺季,急單,紅,ON,606443,1838868,10635893,26119822,916178,30286,16356,40809,77831,11028,3004,27979,84889,32220,45081,50000000,0.8023
2019/10/31,10,4,旺季,急單,紅,ON,597492,1784985,10312224,25168226,893741,38557,26989,50814,71334,15719,3203,32226,83229,26601,44249,50000000,0.7751
2019/11/1,11,5,旺季,急單,綠,OFF,561140,1574392,11007084,25987964,805367,20491,6152,27507,74771,5972,3229,27863,83260,38822,45891,50000000,0.7987
2019/11/2,11,6,旺季,急單,綠,OFF,570044,1624751,10589356,24015455,826605,19180,5060,27008,73132,5569,3446,30822,81603,26019,44153,50000000,0.7525
2019/11/3,11,7,旺季,急單,紅,ON,673170,2265788,9119206,22331774,1091847,25120,10138,39528,79980,8971,3179,19949,53275,69321,48409,50000000,0.7096
2019/11/4,11,1,旺季,急單,綠,OFF,501140,1255705,11057015,26593567,669138,14840,2574,20143,62616,3794,2221,20011,52938,39162,45929,50000000,0.8015
2019/11/5,11,2,旺季,急單,綠,ON,628390,1974372,10096837,24499391,972319,14743,5611,31639,48462,6429,2692,23633,51751,45332,46564,50000000,0.7634
2019/11/6,11,3,旺季,急單,綠,ON,899017,4041159,9652948,23384706,1796562,4726,2501,51903,12375,8536,3372,20549,47535,28258,44511,50000000,0.7955
2019/11/7,11,4,旺季,急單,綠,ON,734593,2698134,10193193,24880766,1266674,14945,3409,37736,59382,6683,3066,31722,44411,42184,46251,50000000,0.7955
2019/11/8,11,5,旺季,急單,綠,ON,722682,2611344,10482087,26590566,1231789,20109,2543,35883,89103,6145,3594,18709,48521,30209,44801,50000000,0.8328
2019/11/9,11,6,旺季,急單,綠,OFF,699760,2448321,9400500,21154361,1165987,14305,2541,34021,60091,5865,2136,18754,47428,76294,48825,50000000,0.6974
2019/11/10,11,7,旺季,急單,綠,OFF,612257,1874291,11227702,22627593,930892,19883,4562,29428,78886,5783,3899,24939,48186,69321,48409,50000000,0.7455
2019/11/11,11,1,旺季,急單,紅,ON,517197,1337463,10740131,25520368,704419,24320,15538,34085,51682,9774,2297,23977,48615,17550,42443,50000000,0.7764
2019/11/12,11,2,旺季,急單,紅,ON,608975,1854251,10648130,24292655,922571,39438,25639,50271,81813,15232,2651,24706,43471,45332,46564,50000000,0.7665
2019/11/13,11,3,旺季,急單,綠,OFF,500575,1252874,10373476,24986157,667912,21757,5844,23379,82488,5260,2339,38934,47581,28258,44511,50000000,0.7556
2019/11/14,11,4,旺季,急單,綠,OFF,541469,1465941,10080772,23432607,759381,18825,4807,24881,72495,5174,3532,50720,45405,42184,46251,50000000,0.7256
2019/11/15,11,5,旺季,急單,綠,OFF,517109,1337008,10038619,24447277,704224,12289,2890,21431,48442,4082,4260,19949,44404,30209,44801,50000000,0.7409
2019/11/16,11,6,旺季,急單,綠,OFF,605857,1835311,11933815,25082424,914699,9608,2574,26986,36454,4820,3301,20011,44296,12067,40816,50000000,0.8074
2019/11/17,11,7,旺季,急單,綠,ON,674225,2272895,10734700,23479752,1094744,24494,5611,35083,97218,6946,2964,23633,47967,43563,46391,50000000,0.7651
2019/11/18,11,1,旺季,急單,綠,OFF,695658,2419702,10410630,24986883,1154397,17848,2501,33655,77982,5799,3372,20549,44630,14971,41752,50000000,0.7933
2019/11/19,11,2,旺季,急單,綠,OFF,578613,1673965,10265976,24668142,847295,21505,3409,25935,92185,4913,3066,31722,45483,39451,45961,50000000,0.7607
2019/11/20,11,3,旺季,急單,綠,ON,724242,2622634,10514492,23385770,1236333,15736,2543,36012,67234,6165,1362,18709,46466,16746,42239,50000000,0.7697
2019/11/21,11,4,旺季,急單,紅,ON,587155,1723754,9771881,23135994,868162,23738,10341,33450,72157,8120,2979,25102,74689,50136,47002,50000000,0.7217
2019/11/22,11,5,旺季,急單,綠,OFF,564765,1594798,10957040,26720643,813982,16383,2626,24221,70098,4421,3062,19756,72885,42456,46279,50000000,0.813
2019/11/23,11,6,旺季,急單,綠,ON,763704,2916217,10426906,25052753,1353924,19213,5724,42523,70306,8096,2631,24703,72171,41924,46225,50000000,0.8103
2019/11/24,11,7,旺季,急單,綠,ON,816805,3335852,10030166,24019247,1520353,17659,2551,44078,76814,7377,3622,21399,70223,43061,46341,50000000,0.7944
2019/11/25,11,1,旺季,急單,綠,ON,728637,2654561,10798832,25184032,1249172,16899,3477,37309,68849,6640,2500,24818,67924,38899,45899,50000000,0.8123
2019/11/26,11,2,旺季,急單,綠,ON,711221,2529176,10510437,26673283,1198669,15714,2594,34998,66897,6028,3381,22785,70366,39823,46001,50000000,0.8325
2019/11/27,11,3,旺季,急單,綠,OFF,656008,2151735,10053952,22301065,1045249,17415,2591,30669,75414,5378,2258,27222,69158,39175,45930,50000000,0.7242
2019/11/28,11,4,旺季,急單,綠,OFF,564727,1594582,10951602,23395416,813891,19307,4654,26247,75592,5333,3361,33455,69528,36775,45656,50000000,0.7464
2019/11/29,11,5,旺季,急單,紅,ON,563086,1585328,10499400,25835630,809986,29600,15849,37333,76681,10355,2965,27620,83800,31806,45025,50000000,0.7859
2019/11/30,11,6,旺季,急單,紅,ON,554775,1538874,10179885,24894388,790345,37593,26152,47088,70280,14909,3161,31812,82161,26260,44193,50000000,0.7592
2019/12/1,12,7,旺季,急單,綠,OFF,521022,1357317,10865828,25705206,712950,20098,5961,24744,73666,5500,3188,27506,82191,38324,45835,50000000,0.7832
2019/12/2,12,1,旺季,急單,綠,OFF,529289,1400733,10453461,23754159,731555,18823,4903,24203,72051,5101,3402,30427,80555,25685,44097,50000000,0.7374
2019/12/3,12,2,旺季,急單,紅,ON,625042,1953385,9002178,22088798,963649,24601,9824,35608,78798,8288,3138,19693,52591,68432,48353,50000000,0.6927
2019/12/4,12,3,旺季,急單,綠,OFF,465311,1082571,10915119,26304221,593512,14583,2494,17973,61691,3444,2192,19754,52258,38659,45873,50000000,0.7872
2019/12/5,12,4,旺季,急單,綠,OFF,583464,1702149,9967263,24232830,859115,14443,5437,28294,47746,5875,2657,23330,51087,44750,46508,50000000,0.7469
2019/12/6,12,5,旺季,急單,綠,ON,834742,3483971,9529071,23130273,1578695,4620,2424,45611,12192,7569,3329,20286,46925,27895,44455,50000000,0.7711
2019/12/7,12,6,旺季,急單,綠,OFF,682073,2326120,10062382,24610056,1116410,14674,3303,33385,58504,5999,3026,31315,43841,41643,46195,50000000,0.7759
2019/12/8,12,7,旺季,急單,綠,OFF,671014,2251296,10347568,26301252,1085939,19775,2464,31687,87787,5492,3548,18469,47899,29821,44745,50000000,0.8131
2019/12/9,12,1,旺季,急單,綠,OFF,649731,2110751,9279862,20924195,1028449,14056,2462,30067,59203,5249,2109,18514,46819,75315,48769,50000000,0.6799
2019/12/10,12,2,淡季,急單,綠,OFF,568483,1615867,11083615,22381398,822864,19523,4421,26264,77721,5266,3849,24619,47568,68432,48353,50000000,0.7294
2019/12/11,12,3,淡季,急單,紅,ON,480220,1153056,10602301,25242698,624462,23734,15056,31389,50918,9225,2268,23670,47991,17325,42387,50000000,0.7621
2019/12/12,12,4,淡季,急單,紅,ON,565436,1598590,10511480,24028344,815582,38480,24844,46484,80603,14426,2617,24389,42913,44750,46508,50000000,0.7504
2019/12/13,12,5,淡季,急單,綠,OFF,464786,1080130,10240351,24714299,592436,21350,5663,21112,81269,4866,2309,38435,46971,27895,44455,50000000,0.7418
2019/12/14,12,6,淡季,急單,綠,OFF,502756,1263820,9951404,23177653,672652,18477,4658,22324,71424,4746,3487,50069,44822,41643,46195,50000000,0.7114
2019/12/15,12,7,淡季,急單,綠,OFF,480138,1152663,9909792,24181283,624290,12065,2800,19128,47726,3709,4205,19693,43834,29821,44745,50000000,0.727
2019/12/16,12,1,淡季,急單,綠,OFF,562541,1582262,11780666,24809519,808691,9428,2494,23943,35916,4340,3259,19754,43728,11912,40760,50000000,0.7909
2019/12/17,12,2,淡季,急單,綠,ON,626021,1959512,10596940,23224285,966181,24050,5437,31293,95781,6325,2926,23330,47351,43004,46335,50000000,0.7475
2019/12/18,12,3,淡季,急單,綠,OFF,645922,2086078,10277029,24715018,1018320,17547,2424,29744,76829,5189,3329,20286,44057,14779,41696,50000000,0.7748
2019/12/19,12,4,淡季,急單,綠,OFF,537245,1443162,10134231,24399745,749677,21138,3303,23108,90823,4457,3026,31315,44899,38945,45905,50000000,0.7453
2019/12/20,12,5,淡季,急單,綠,OFF,672463,2261030,10379558,23131326,1089908,15466,2464,31799,66241,5509,1345,18469,45870,16531,42183,50000000,0.7507
2019/12/21,12,6,淡季,急單,紅,ON,545176,1486085,9646476,22884267,767950,23236,10020,30333,71091,7556,2941,24779,73730,49493,46945,50000000,0.7066
2019/12/22,12,7,淡季,急單,綠,OFF,524387,1374910,10816426,26429914,720497,16102,2544,21537,69062,3994,3023,19503,71950,41912,46223,50000000,0.7973
2019/12/23,12,1,淡季,急單,綠,ON,709103,2514134,10293095,24780171,1192596,18845,5546,37778,69267,7331,2598,24386,71245,41386,46168,50000000,0.7898
2019/12/24,12,2,淡季,急單,綠,ON,758408,2875911,9901447,23757910,1337841,17361,2472,38816,75678,6564,3575,21125,69322,42508,46285,50000000,0.7726
2019/12/25,12,3,淡季,急單,綠,OFF,676543,2288555,10660249,24910022,1101123,16599,3370,33020,67831,5964,2468,24500,67052,38400,45843,50000000,0.7927
2019/12/26,12,4,淡季,急單,綠,OFF,660372,2180457,10375554,26383069,1057005,15444,2513,30922,65908,5392,3338,22492,69463,39312,45945,50000000,0.8131
2019/12/27,12,5,淡季,急單,綠,OFF,609107,1855058,9924928,22058422,922906,17120,2511,27153,74299,4826,2229,26873,68270,38672,45874,50000000,0.7074
2019/12/28,12,6,淡季,急單,綠,OFF,524352,1374724,10811058,23140866,720417,18953,4509,23500,74474,4878,3318,33026,68636,36303,45599,50000000,0.7314
2019/12/29,12,7,淡季,急單,紅,ON,522828,1366746,10364660,25554530,716996,28931,15357,34253,75548,9745,2927,27266,82725,31398,44969,50000000,0.7705
2019/12/30,12,1,淡季,急單,紅,ON,515111,1326697,10049245,24623529,699788,36655,25341,43759,69241,14166,3121,31404,81107,25923,44137,50000000,0.7443
2019/12/31,12,2,淡季,急單,綠,OFF,483771,1170173,10726385,25425526,631943,19714,5776,22316,72577,5080,3147,27153,81136,37832,45779,50000000,0.7688
2020/1/1,1,3,淡季,急單,綠,OFF,491447,1207602,10319310,23495706,648258,18473,4751,21742,70986,4687,3358,30036,79522,25355,44041,50000000,0.7232
2020/1/2,1,4,淡季,急單,紅,ON,580354,1684055,8886651,21848464,851529,24094,9519,32163,77633,7680,3098,19441,51916,67554,48296,50000000,0.677
2020/1/3,1,5,旺季,計劃,綠,OFF,432043,933308,10775043,26018023,527124,14331,2417,16071,60779,3136,2164,19500,51588,38163,45816,50000000,0.7737
2020/1/4,1,6,淡季,急單,綠,OFF,541749,1467460,9839351,23969169,760028,14150,5269,25361,47041,5385,2623,23030,50431,44176,46452,50000000,0.7316
2020/1/5,1,7,淡季,急單,綠,ON,775062,3003607,9406782,22878608,1388733,4516,2349,40135,12012,6725,3286,20025,46322,27537,44399,50000000,0.7491
2020/1/6,1,1,淡季,急單,綠,OFF,633308,2005398,9933250,24342290,985120,14409,3201,29588,57640,5399,2987,30913,43278,41108,46139,50000000,0.758
2020/1/7,1,2,淡季,急單,綠,OFF,623040,1940891,10214776,26015086,958484,19447,2388,28027,86489,4920,3502,18232,47284,29439,44689,50000000,0.795
2020/1/8,1,3,淡季,急單,綠,OFF,603278,1819724,9160772,20696533,908214,13812,2385,26615,58328,4708,2082,18276,46218,74348,48713,50000000,0.6638
2020/1/9,1,4,淡季,急單,綠,OFF,527840,1393074,10941377,22137881,728278,19170,4284,23493,76572,4809,3800,24303,46957,67554,48296,50000000,0.7146
2020/1/10,1,5,淡季,計劃,紅,ON,445887,994075,10466240,24968050,554302,23163,14589,28989,50165,8725,2239,23366,47375,17103,42331,50000000,0.7486
2020/1/11,1,6,淡季,急單,紅,ON,525010,1378179,10376585,23766908,721898,37549,24074,43106,79412,13688,2583,24076,42362,44176,46452,50000000,0.7354
2020/1/12,1,7,淡季,計劃,綠,OFF,431556,931204,10108935,24445400,526179,20952,5487,19115,80068,4513,2280,37941,46368,27537,44399,50000000,0.7289
2020/1/13,1,1,淡季,急單,綠,OFF,466812,1089567,9823696,22925473,596595,18136,4514,20077,70368,4366,3442,49427,44247,41108,46139,50000000,0.698
2020/1/14,1,2,淡季,計劃,綠,OFF,445811,993736,9782618,23918183,554151,11846,2713,17109,47021,3380,4151,19441,43272,29439,44689,50000000,0.7139
2020/1/15,1,3,淡季,急單,綠,OFF,522322,1364102,11629483,24539584,715862,9252,2417,21281,35385,3917,3217,19500,43167,11759,40704,50000000,0.7754
2020/1/16,1,4,淡季,急單,綠,OFF,581264,1689338,10460948,22971598,853745,23615,5269,27975,94366,5777,2888,23030,46744,42453,46279,50000000,0.7311
2020/1/17,1,5,淡季,急單,綠,OFF,599742,1798453,10145142,24446111,899355,17253,2349,26331,75694,4654,3286,20025,43492,14589,41640,50000000,0.7578
2020/1/18,1,6,旺季,急單,綠,OFF,498835,1244181,10004177,24134268,664145,20777,3201,20631,89481,4055,2987,30913,44323,38445,45848,50000000,0.7309
2020/1/19,1,7,旺季,急單,綠,OFF,624385,1949283,10246355,22879650,961954,15201,2388,28124,65262,4935,1327,18232,45281,16319,42127,50000000,0.7332
2020/1/20,1,1,旺季,急單,紅,ON,506199,1281187,9522682,22635279,680162,22747,9710,27583,70040,7050,2903,24461,72784,48858,46889,50000000,0.6925
2020/1/21,1,2,旺季,急單,綠,OFF,486896,1185340,10677617,26142348,638561,15827,2465,19188,68042,3618,2984,19252,71026,41374,46167,50000000,0.7826
2020/1/22,1,3,旺季,急單,綠,ON,658406,2167490,10161002,24510555,1051699,18485,5374,33633,68244,6657,2564,24073,70330,40854,46112,50000000,0.771
2020/1/23,1,4,旺季,急單,綠,OFF,704185,2479385,9774380,23499416,1178554,17068,2396,34231,74560,5853,3530,20853,68432,41963,46229,50000000,0.7527
2020/1/24,1,5,旺季,急單,綠,OFF,628174,1973013,10523444,24638993,971758,16304,3265,29277,66829,5371,2436,24185,66192,37907,45787,50000000,0.7747
2020/1/25,1,6,旺季,急單,綠,OFF,613159,1879820,10242403,26096013,933186,15179,2436,27365,64934,4835,3295,22204,68572,38807,45889,50000000,0.7953
2020/1/26,1,7,旺季,急單,綠,OFF,565559,1599285,9797560,21818420,815875,16830,2433,24082,73201,4342,2200,26528,67394,38176,45818,50000000,0.6919
2020/1/27,1,1,旺季,急單,綠,OFF,486863,1185179,10672318,22889086,638491,18607,4369,21090,73374,4474,3275,32602,67755,35837,45543,50000000,0.7174
2020/1/28,1,2,旺季,急單,紅,ON,485449,1178301,10231648,25276489,635491,28279,14881,31519,74431,9192,2890,26916,81663,30995,44913,50000000,0.7561
2020/1/29,1,3,旺季,急單,紅,ON,478283,1143774,9920281,24355617,620400,35743,24555,40776,68218,13483,3081,31001,80066,25590,44081,50000000,0.7304
2020/1/30,1,4,旺季,計劃,綠,OFF,449184,1008831,10588731,25148888,560869,19338,5597,20177,71505,4706,3106,26804,80095,37346,45722,50000000,0.7551
2020/1/31,1,5,旺季,急單,綠,OFF,456311,1041100,10186881,23240065,575189,18131,4604,19578,69937,4318,3315,29651,78501,25030,43985,50000000,0.71
2020/2/1,2,6,旺季,急單,紅,ON,538862,1451861,8772607,21610746,753385,23599,9224,29131,76486,7137,3058,19191,51250,66687,48240,50000000,0.6625
2020/2/2,2,7,旺季,計劃,綠,OFF,401155,804625,10636765,25734938,468786,14084,2342,14400,59881,2863,2136,19250,50926,37673,45760,50000000,0.7609
2020/2/3,2,1,旺季,急單,綠,OFF,503017,1265129,9713081,23708377,673218,13864,5105,22787,46346,4950,2590,22735,49784,43609,46396,50000000,0.7173
2020/2/4,2,2,旺季,急單,綠,OFF,719649,2589475,9286064,22629682,1222983,4415,2276,35367,11835,5988,3244,19768,45728,27184,44343,50000000,0.729
2020/2/5,2,3,旺季,急單,綠,OFF,588030,1728897,9805774,24077439,870314,14149,3102,26271,56788,4871,2949,30517,42723,40581,46083,50000000,0.7414
2020/2/6,2,4,旺季,急單,綠,OFF,578495,1673285,10083688,25732034,847009,19125,2314,24832,85211,4419,3457,17998,46677,29061,44633,50000000,0.7783
2020/2/7,2,5,旺季,急單,綠,OFF,560147,1568824,9043210,20471348,803015,13573,2312,23601,57466,4234,2055,18041,45625,73394,48657,50000000,0.6489
2020/2/8,2,6,旺季,急單,綠,OFF,490102,1201000,10800964,21897014,645384,18824,4151,21062,75440,4405,3751,23992,46355,66687,48240,50000000,0.7007
2020/2/9,2,7,旺季,計劃,紅,ON,414008,857013,10331925,24696390,492675,22608,14137,26847,49424,8268,2210,23066,46768,16883,42275,50000000,0.7358
2020/2/10,2,1,旺季,急單,紅,ON,487475,1188158,10243420,23508316,639790,36642,23327,40084,78239,13011,2550,23767,41818,43609,46396,50000000,0.7213
2020/2/11,2,2,旺季,計劃,綠,OFF,400702,802811,9979205,24179426,467955,20562,5317,17352,78884,4198,2251,37454,45773,27184,44343,50000000,0.7166
2020/2/12,2,3,旺季,計劃,綠,OFF,433437,939339,9697627,22676036,529832,17802,4374,18101,69328,4027,3398,48792,43679,40581,46083,50000000,0.6855
2020/2/13,2,4,旺季,計劃,綠,OFF,413938,856722,9657076,23657945,492543,11632,2629,15336,46326,3089,4098,19191,42717,29061,44633,50000000,0.7016
2020/2/14,2,5,旺季,急單,綠,OFF,484979,1176022,11480240,24272585,634497,9080,2342,18952,34862,3545,3176,19250,42613,11608,40648,50000000,0.761
2020/2/15,2,6,旺季,急單,綠,OFF,539706,1456415,10326701,22721659,755325,23189,5105,25067,92971,5292,2851,22735,46144,41908,46223,50000000,0.716
2020/2/16,2,7,旺季,急單,綠,OFF,556864,1550486,10014948,24180129,795260,16963,2276,23349,74575,4185,3244,19768,42934,14402,41584,50000000,0.742
2020/2/17,2,1,旺季,急單,綠,OFF,463171,1072636,9875792,23871679,589131,20423,3102,18460,88158,3699,2949,30517,43754,37952,45792,50000000,0.7174
2020/2/18,2,2,旺季,急單,綠,OFF,579745,1680519,10114862,22630712,850045,14942,2314,24916,64297,4432,1310,17998,44700,16110,42071,50000000,0.7171
2020/2/19,2,3,旺季,急單,紅,ON,470008,1104539,9400475,22389000,603184,22269,9408,25154,69005,6596,2866,24148,71850,48231,46833,50000000,0.6793
2020/2/20,2,4,旺季,急單,綠,OFF,452086,1021907,10540590,25857911,566678,15557,2389,17129,67036,3286,2946,19005,70115,40843,46111,50000000,0.7688
2020/2/21,2,5,旺季,急單,綠,ON,611333,1868640,10030604,24243872,928546,18134,5208,30007,67235,6063,2531,23764,69428,40330,46056,50000000,0.7537
2020/2/22,2,6,旺季,急單,綠,OFF,653840,2137532,9648943,23243735,1039430,16781,2321,30235,73458,5232,3484,20586,67554,41424,46173,50000000,0.7345
2020/2/23,2,7,旺季,急單,綠,OFF,583263,1700977,10388395,24370913,858624,16016,3164,26006,65841,4850,2405,23875,65343,37420,45731,50000000,0.758
2020/2/24,2,1,旺季,急單,綠,OFF,569321,1620633,10110961,25812080,824872,14919,2360,24260,63974,4347,3253,21919,67692,38309,45833,50000000,0.7788
2020/2/25,2,2,旺季,急單,綠,OFF,525125,1378779,9671826,21581028,722155,16546,2358,21397,72120,3917,2172,26187,66529,37686,45762,50000000,0.6776
2020/2/26,2,3,旺季,急單,綠,OFF,452055,1021769,10535358,22640046,566617,18268,4234,18972,72290,4116,3233,32184,66886,35377,45487,50000000,0.7043
2020/2/27,2,4,旺季,急單,紅,ON,450741,1015839,10100344,25001472,563984,27644,14420,29085,73331,8689,2853,26571,80615,30597,44857,50000000,0.7426
2020/2/28,2,5,旺季,計劃,紅,ON,444088,986073,9792973,24090620,550735,34856,23794,38095,67210,12852,3041,30603,79039,25262,44025,50000000,0.7173
2020/2/29,2,6,旺季,計劃,綠,OFF,417070,869735,10452844,24875260,498447,18971,5424,18292,70448,4371,3067,26460,79067,36867,45666,50000000,0.7423
2020/3/1,3,7,旺季,計劃,綠,OFF,423687,897555,10056151,22987206,511029,17796,4461,17673,68904,3989,3273,29270,77494,24709,43928,50000000,0.6975
2020/3/2,3,1,旺季,急單,紅,ON,500336,1251681,8660027,21375614,667395,23115,8938,26458,75356,6650,3019,18945,50592,65831,48184,50000000,0.6491
2020/3/3,3,2,旺季,計劃,綠,OFF,372474,693685,10500262,25454934,417465,13842,2270,12931,58996,2621,2109,19003,50272,37190,45704,50000000,0.7488
2020/3/4,3,3,旺季,急單,綠,OFF,467054,1090695,9588432,23450422,597092,13585,4947,20525,45661,4563,2556,22443,49145,43050,46340,50000000,0.7039
2020/3/5,3,4,旺季,急單,綠,OFF,668198,2232443,9166894,22383464,1078247,4317,2205,31212,11660,5343,3203,19515,45141,26835,44287,50000000,0.7106
2020/3/6,3,5,旺季,急單,綠,OFF,545989,1490520,9679935,23815468,769835,13895,3006,23371,55949,4407,2911,30125,42175,40060,46027,50000000,0.726
2020/3/7,3,6,旺季,急單,綠,OFF,537136,1442575,9954283,25452061,749426,18808,2242,22039,83952,3978,3413,17767,46078,28688,44577,50000000,0.7627
2020/3/8,3,7,旺季,急單,綠,OFF,520099,1352517,8927157,20248614,710889,13339,2240,20966,56616,3817,2029,17810,45040,72452,48601,50000000,0.6352
2020/3/9,3,1,旺季,急單,綠,OFF,455062,1035408,10662354,21658767,572667,18485,4022,18927,74326,4046,3703,23684,45760,65831,48184,50000000,0.6877
2020/3/10,3,2,淡季,計劃,紅,ON,384409,738850,10199334,24427685,438488,22067,13699,24931,48694,7849,2182,22770,46167,16667,42218,50000000,0.7238
2020/3/11,3,3,淡季,急單,紅,ON,452623,1024337,10111965,23252538,567757,35760,22604,37374,77082,12387,2517,23462,41282,43050,46340,50000000,0.7082
2020/3/12,3,4,淡季,計劃,綠,OFF,372054,692121,9851140,23916347,416734,20181,5152,15794,77719,3915,2222,36974,45185,26835,44287,50000000,0.705
2020/3/13,3,5,淡季,計劃,綠,OFF,402449,809825,9573176,22429314,471166,17475,4238,16361,68304,3726,3355,48166,43119,40060,46027,50000000,0.6737
2020/3/14,3,6,淡季,計劃,綠,OFF,384343,738598,9533145,23400539,438371,11421,2548,13777,45641,2831,4045,18945,42168,28688,44577,50000000,0.6899
2020/3/15,3,7,淡季,急單,綠,OFF,450305,1013874,11332912,24008492,563111,8912,2270,16911,34347,3218,3135,19003,42066,11459,40592,50000000,0.7474
2020/3/16,3,1,淡季,急單,綠,OFF,501120,1255607,10194176,22474440,669096,22772,4947,22514,91597,4861,2815,22443,45552,41370,46167,50000000,0.7019
2020/3/17,3,2,淡季,急單,綠,OFF,517051,1336707,9886424,23917042,704094,16679,2205,20743,73473,3773,3203,19515,42383,14217,41528,50000000,0.7272
2020/3/18,3,3,淡季,計劃,綠,OFF,430056,924743,9749054,23611948,523276,20076,3006,16554,86855,3385,2911,30125,43192,37465,45736,50000000,0.7048
2020/3/19,3,4,淡季,急單,綠,OFF,538296,1448812,9985056,22384483,752085,14687,2242,22113,63347,3990,1294,17767,44126,15903,42015,50000000,0.7022
2020/3/20,3,5,淡季,計劃,紅,ON,436405,952247,9279838,22145401,535618,21802,9117,23003,67985,6185,2829,23838,70928,47612,46777,50000000,0.667
2020/3/21,3,6,淡季,計劃,綠,OFF,419764,881008,10405321,25576569,503551,15293,2315,15323,66046,2993,2908,18761,69215,40319,46055,50000000,0.7557
2020/3/22,3,7,淡季,急單,綠,OFF,567626,1610995,9901880,23980091,820811,17790,5046,26832,66242,5539,2499,23459,68537,39813,46000,50000000,0.7376
2020/3/23,3,1,淡季,急單,綠,OFF,607093,1842813,9525117,22990836,917818,16499,2249,26749,72372,4687,3440,20322,66687,40893,46116,50000000,0.7177
2020/3/24,3,2,淡季,急單,綠,OFF,541562,1466450,10255079,24105750,759598,15733,3066,23146,64868,4392,2374,23568,64504,36940,45675,50000000,0.7426
2020/3/25,3,3,淡季,急單,綠,OFF,528618,1397183,9981205,25531236,730037,14664,2287,21545,63029,3918,3211,21637,66823,37818,45777,50000000,0.7634
2020/3/26,3,4,淡季,急單,綠,OFF,487581,1188675,9547706,21346220,640015,16267,2285,19047,71054,3542,2144,25851,65675,37202,45706,50000000,0.6642
2020/3/27,3,5,淡季,計劃,綠,OFF,419735,880889,10400156,22393715,503497,17937,4103,17109,71221,3797,3192,31771,66027,34923,45431,50000000,0.692
2020/3/28,3,6,淡季,計劃,紅,ON,418516,875777,9970724,24729448,501184,27025,13973,26915,72248,8229,2816,26230,79580,30205,44801,50000000,0.7299
2020/3/29,3,7,淡季,計劃,紅,ON,412338,850115,9667298,23828507,489541,33994,23056,35681,66216,12269,3002,30210,78024,24938,43969,50000000,0.705
2020/3/30,3,1,淡季,計劃,綠,OFF,387251,749818,10318701,24604609,443565,18611,5255,16626,69407,4071,3027,26121,78052,36394,45610,50000000,0.7301
2020/3/31,3,2,淡季,計劃,綠,OFF,393396,773802,9927099,22737098,454632,17468,4323,15995,67885,3696,3231,28895,76499,24392,43872,50000000,0.6857
2020/4/1,4,3,淡季,急單,紅,ON,464565,1079101,8548891,21143041,591983,22643,8661,24097,74242,6213,2980,18702,49943,64986,48128,50000000,0.6366
2020/4/2,4,4,淡季,計劃,綠,OFF,345844,598041,10365510,25177976,372269,13604,2199,11638,58124,2405,2082,18759,49627,36713,45648,50000000,0.7372
2020/4/3,4,5,淡季,計劃,綠,OFF,433662,940312,9465382,23195274,530268,13311,4794,18533,44986,4218,2524,22155,48515,42497,46284,50000000,0.6913
2020/4/4,4,6,淡季,急單,綠,OFF,620425,1924637,9049254,22139924,951758,4221,2137,27588,11487,4779,3162,19264,44562,26490,44231,50000000,0.6937
2020/4/5,4,7,淡季,急單,綠,OFF,506954,1285010,9555711,23556349,681813,13646,2912,20832,55122,3999,2874,29739,41633,39546,45971,50000000,0.7117
2020/4/6,4,1,淡季,急單,綠,OFF,498733,1243675,9826538,25175134,663925,18497,2172,19597,82711,3591,3369,17539,45487,28320,44521,50000000,0.7482
2020/4/7,4,2,淡季,急單,綠,OFF,482915,1166034,8812594,20028302,630136,13109,2170,18660,55780,3450,2003,17581,44462,71522,48544,50000000,0.6224
2020/4/8,4,3,淡季,計劃,綠,OFF,422528,892648,10525522,21423113,508813,18153,3898,17049,73227,3727,3655,23380,45173,64986,48128,50000000,0.6755
2020/4/9,4,4,淡季,計劃,紅,ON,356925,636978,10068444,24161904,390789,21541,13274,23213,47974,7464,2154,22478,45575,16453,42162,50000000,0.7123
2020/4/10,4,5,淡季,計劃,紅,ON,420263,883103,9982196,22999543,504499,34901,21903,34937,75943,11811,2485,23161,40752,42497,46284,50000000,0.6958
2020/4/11,4,6,淡季,計劃,綠,OFF,345454,596692,9724719,23656129,371624,19807,4993,14414,76570,3660,2193,36499,44605,26490,44231,50000000,0.6939
2020/4/12,4,7,淡季,計劃,綠,OFF,373676,698167,9450322,22185276,419560,17155,4107,14825,67294,3456,3311,47548,42565,39546,45971,50000000,0.6625
2020/4/13,4,1,淡季,計劃,綠,OFF,356865,636762,9410804,23145934,390686,11215,2469,12405,44967,2601,3993,18702,41627,28320,44521,50000000,0.6788
2020/4/14,4,2,淡季,計劃,綠,OFF,418111,874083,11187475,23747272,500416,8747,2199,15121,33839,2928,3095,18759,41526,11312,40535,50000000,0.7345
2020/4/15,4,3,淡季,急單,綠,OFF,465293,1082486,10063353,22229911,593475,22363,4794,20271,90244,4479,2779,22155,44967,40839,46111,50000000,0.6887
2020/4/16,4,4,淡季,急單,綠,OFF,480084,1152404,9759550,23656817,624177,16401,2137,18462,72387,3410,3162,19264,41839,14035,41472,50000000,0.7135
2020/4/17,4,5,淡季,計劃,綠,OFF,399310,797241,9623943,23355042,465402,19736,2912,14878,85572,3105,2874,29739,42638,36984,45680,50000000,0.6928
2020/4/18,4,6,淡季,急單,綠,OFF,499810,1249053,9856916,22140932,666256,14437,2172,19661,62411,3601,1277,17539,43560,15699,41959,50000000,0.6883
2020/4/19,4,7,淡季,計劃,紅,OFF,405204,820953,9160748,21904452,476253,21347,8834,21096,66981,5815,2793,23532,70018,47001,46721,50000000,0.6554
2020/4/20,4,1,淡季,計劃,綠,OFF,389753,759536,10271787,25298287,448055,15033,2243,13736,65069,2733,2871,18521,68327,39801,45999,50000000,0.7433
2020/4/21,4,2,淡季,急單,綠,OFF,527043,1388874,9774808,23719180,726480,17453,4890,24049,65263,5074,2467,23158,67657,39302,45944,50000000,0.7227
2020/4/22,4,3,淡季,急單,綠,OFF,563689,1588729,9402880,22740688,811421,16222,2180,23704,71303,4209,3395,20061,65831,40368,46060,50000000,0.7021
2020/4/23,4,4,淡季,急單,綠,OFF,502844,1264258,10123474,23843471,672841,15455,2971,20642,63909,3987,2343,23266,63676,36466,45619,50000000,0.7281
2020/4/24,4,5,淡季,急單,綠,OFF,490824,1204542,9853114,25253448,646926,14414,2216,19170,62097,3540,3170,21360,65966,37332,45721,50000000,0.749
2020/4/25,4,6,淡季,急單,綠,OFF,452721,1024783,9425178,21113966,567955,15993,2214,16989,70004,3212,2116,25520,64833,36725,45650,50000000,0.6517
2020/4/26,4,7,淡季,計劃,綠,OFF,389726,759434,10266689,22150064,448008,17612,3975,15467,70169,3513,3151,31363,65180,34475,45375,50000000,0.6803
2020/4/27,4,1,淡季,計劃,紅,ON,388594,755026,9842768,24460384,445972,26421,13539,24975,71180,7808,2780,25893,78559,29817,44745,50000000,0.7179
2020/4/28,4,2,淡季,計劃,紅,ON,382858,732902,9543236,23569245,435730,33155,22341,33499,65238,11727,2964,29823,77023,24618,43912,50000000,0.6933
2020/4/29,4,3,淡季,計劃,綠,OFF,359565,646434,10186280,24336903,395260,18259,5092,15152,68381,3801,2988,25785,77051,35927,45554,50000000,0.7185
2020/4/30,4,4,淡季,計劃,綠,OFF,365270,667111,9799703,22489711,405005,17146,4189,14513,66882,3433,3189,28524,75517,24079,43816,50000000,0.6745
2020/5/1,5,5,淡季,計劃,紅,OFF,431351,930317,8439182,20912998,525781,22182,8392,22009,73145,5819,2942,18462,49302,64152,48072,50000000,0.6248
2020/5/2,5,6,淡季,計劃,綠,OFF,321118,515584,10232488,24904032,332420,13371,2131,10498,57265,2214,2055,18519,48990,36242,45592,50000000,0.7261
2020/5/3,5,7,淡季,計劃,綠,OFF,402657,810663,9343911,22942902,471550,13045,4645,16778,44321,3910,2491,21871,47892,41952,46228,50000000,0.6794
2020/5/4,5,1,淡季,急單,綠,OFF,576068,1659272,8933123,21899035,841125,4127,2071,24424,11318,4285,3121,19017,43990,26150,44175,50000000,0.6782
2020/5/5,5,2,淡季,急單,綠,OFF,470709,1107835,9433081,23300048,604633,13401,2822,18608,54307,3638,2837,29357,41099,39038,45915,50000000,0.6983
2020/5/6,5,3,淡季,急單,綠,OFF,463077,1072200,9700432,24901221,588938,18192,2105,17458,81489,3250,3326,17314,44903,27956,44465,50000000,0.7345
2020/5/7,5,4,淡季,計劃,綠,OFF,448389,1005263,8699500,19810388,559282,12884,2103,16640,54955,3127,1977,17356,43891,70604,48488,50000000,0.6105
2020/5/8,5,5,淡季,計劃,綠,OFF,392319,769571,10390446,21190023,452683,17828,3777,15396,72145,3442,3608,23080,44593,64152,48072,50000000,0.6639
2020/5/9,5,6,淡季,計劃,紅,ON,331407,549153,9939234,23899015,348754,21029,12862,21668,47265,7109,2126,22189,44990,16242,42106,50000000,0.7014
2020/5/10,5,7,淡季,計劃,紅,ON,390216,761343,9854093,22749301,448889,34066,21224,32739,74821,11278,2453,22863,40229,41952,46228,50000000,0.6841
2020/5/11,5,1,淡季,計劃,綠,OFF,320756,514421,9599920,23398743,331852,19442,4838,13190,75439,3430,2165,36031,44033,26150,44175,50000000,0.6833
2020/5/12,5,2,淡季,計劃,綠,OFF,346960,601905,9329044,21943893,374115,16841,3979,13468,66300,3214,3269,46938,42019,39038,45915,50000000,0.6519
2020/5/13,5,3,淡季,計劃,綠,OFF,331351,548966,9290034,22894099,348664,11013,2392,11195,44302,2397,3942,18462,41093,27956,44465,50000000,0.6683
2020/5/14,5,4,淡季,計劃,綠,OFF,388218,753566,11043904,23488894,445298,8586,2131,13549,33339,2672,3055,18519,40993,11167,40479,50000000,0.7224
2020/5/15,5,5,淡季,計劃,綠,OFF,432027,933235,9934208,21988043,527092,21963,4645,18298,88910,4138,2743,21871,44390,40315,46055,50000000,0.6763
2020/5/16,5,6,淡季,計劃,綠,OFF,445761,993513,9634304,23399423,554051,16127,2071,16463,71318,3091,3121,19017,41302,13854,41416,50000000,0.7005
2020/5/17,5,7,淡季,計劃,綠,OFF,370761,687319,9500437,23100932,414487,19401,2822,13403,84307,2857,2837,29357,42091,36509,45624,50000000,0.6815
2020/5/18,5,1,淡季,急單,綠,OFF,464077,1076835,9730421,21900032,590983,14192,2105,17514,61489,3259,1261,17314,43001,15497,41903,50000000,0.6752
2020/5/19,5,2,淡季,計劃,紅,OFF,376234,707761,9043186,21666124,424038,20902,8560,19400,65991,5478,2757,23230,69119,46398,46665,50000000,0.6443
2020/5/20,5,3,淡季,計劃,綠,OFF,361888,654813,10139968,25023034,399215,14778,2174,12341,64108,2503,2834,18283,67450,39290,45943,50000000,0.7316
2020/5/21,5,4,淡季,急單,綠,OFF,489363,1197378,9649366,23461108,643807,17124,4738,21605,64298,4662,2435,22861,66789,38797,45888,50000000,0.7088
2020/5/22,5,5,淡季,急單,綠,OFF,523389,1369678,9282211,22493262,718253,15951,2112,21043,70249,3790,3352,19803,64987,39850,46004,50000000,0.6877
2020/5/23,5,6,淡季,急單,綠,OFF,466893,1089944,9993558,23584047,596761,15184,2879,18447,62965,3631,2313,22967,62859,35998,45563,50000000,0.7146
2020/5/24,5,7,淡季,急單,綠,OFF,455733,1038462,9726668,24978683,574020,14168,2147,17089,61180,3208,3129,21086,65119,36853,45665,50000000,0.7355
2020/5/25,5,1,淡季,計劃,綠,OFF,420354,883487,9304223,20884240,504673,15724,2145,15184,68969,2921,2089,25192,64001,36254,45594,50000000,0.6399
2020/5/26,5,2,淡季,計劃,綠,OFF,361863,654724,10134935,21909064,399173,17293,3852,14018,69132,3258,3110,30960,64344,34033,45319,50000000,0.6692
2020/5/27,5,3,淡季,計劃,紅,ON,360812,650925,9716455,24194247,397381,25833,13119,23237,70128,7421,2744,25561,77551,29435,44689,50000000,0.7064
2020/5/28,5,4,淡季,計劃,紅,ON,355486,631851,9420766,23312804,388360,32338,21648,31522,64274,11223,2926,29440,76035,24302,43856,50000000,0.6822
2020/5/29,5,5,淡季,計劃,綠,OFF,333858,557305,10055557,24072110,352697,17915,4934,13846,67371,3557,2950,25454,76062,35466,45498,50000000,0.7074
2020/5/30,5,6,淡季,計劃,綠,OFF,339155,575131,9673941,22245016,361288,16832,4059,13202,65894,3198,3148,28158,74548,23770,43760,50000000,0.6639
2020/5/31,5,7,淡季,計劃,綠,OFF,359784,647224,9310792,23223926,395633,15271,2440,12510,65375,2609,3174,23230,73477,37995,45797,50000000,0.6787
2020/6/1,6,1,淡季,計劃,綠,OFF,410122,841001,10162560,24050368,485395,15400,2174,14685,67217,2855,2479,18283,87616,23932,43790,50000000,0.719
2020/6/2,6,2,淡季,計劃,綠,OFF,438894,963138,9751423,22600023,540493,17598,4738,18758,66671,4235,2779,24819,87920,39604,45977,50000000,0.6859
2020/6/3,6,3,淡季,計劃,綠,OFF,408261,833385,9336938,23954861,481925,15095,2112,14529,65968,2813,2405,18205,86217,29069,44634,50000000,0.7003
2020/6/4,6,4,淡季,計劃,綠,OFF,417419,871192,9964891,23451682,499107,15820,2879,15765,66146,3228,2676,25149,92314,38791,45887,50000000,0.7041
2020/6/5,6,5,淡季,計劃,綠,OFF,420155,882653,9699370,22510139,504295,15426,2147,15175,67466,2920,2482,18467,90947,33105,45199,50000000,0.6803
2020/6/6,6,6,淡季,計劃,紅,OFF,369061,681030,9272236,22409399,411540,21366,8731,19232,67540,5504,2502,23019,105150,37376,45726,50000000,0.6629
2020/6/7,6,7,淡季,計劃,綠,OFF,425625,905783,10097316,25208503,514740,15153,2217,15531,65789,2995,3105,19724,102999,34866,45424,50000000,0.743
2020/6/8,6,1,淡季,急單,綠,OFF,506376,1282081,9703571,23994518,680548,17676,4833,22717,66631,4857,2279,23673,102305,35190,45464,50000000,0.7233
2020/6/9,6,2,淡季,急單,綠,OFF,495141,1225821,9330986,23067722,656177,15272,2154,19364,66666,3551,3197,23950,115077,31761,45019,50000000,0.6955
2020/6/10,6,3,淡季,急單,綠,OFF,461313,1064047,10062300,23916120,585339,15920,2936,18190,66387,3609,2382,24573,113407,35029,45444,50000000,0.7218
2020/6/11,6,4,淡季,計劃,綠,OFF,438043,959410,9713571,25144250,538825,15248,2190,16165,66385,3082,3055,27162,113699,28578,44560,50000000,0.7359
2020/6/12,6,5,淡季,計劃,綠,OFF,391109,764829,9328991,21864079,450497,15327,2188,13747,66788,2719,2595,25402,115432,35750,45533,50000000,0.656
2020/6/13,6,6,淡季,計劃,綠,OFF,361337,652823,10083052,22618355,398276,16884,3929,14071,66740,3289,3061,29519,114384,27021,44317,50000000,0.6823
2020/6/14,6,7,淡季,計劃,紅,ON,358149,641352,9708952,24531684,392858,25297,13382,23377,66266,7521,2956,24748,135158,36258,45594,50000000,0.7127
2020/6/15,6,1,淡季,計劃,紅,ON,344672,593993,9334343,23857491,370334,33211,22081,31468,66687,11345,2851,25294,133477,26835,44287,50000000,0.69
2020/6/16,6,2,淡季,計劃,綠,OFF,336506,566183,10068525,24692930,356981,17914,5033,14060,66920,3619,2968,24501,132292,37846,45780,50000000,0.7204
2020/6/17,6,3,淡季,計劃,綠,OFF,349470,610645,9708375,22640394,378283,17018,4140,13741,66459,3303,2677,21548,140970,28948,44616,50000000,0.6737
2020/6/18,6,4,淡季,計劃,綠,OFF,384953,740945,9315988,23609681,439458,15527,2489,13748,66435,2809,2876,24399,138915,37791,45774,50000000,0.6898
2020/6/19,6,5,淡季,計劃,綠,OFF,424508,901035,10074024,24593946,512599,15324,2217,15473,66644,2986,2455,18318,153232,30546,44850,50000000,0.7301
2020/6/20,6,6,淡季,計劃,綠,OFF,423577,897088,9715378,23215494,510818,17684,4833,18039,66673,4156,2652,24329,153176,37198,45705,50000000,0.6952
2020/6/21,6,7,淡季,計劃,綠,OFF,412840,852184,9320699,24529907,490481,15228,2154,14805,66446,2867,2664,18798,151453,31476,44980,50000000,0.7121
2020/6/22,6,1,淡季,計劃,綠,OFF,418787,876913,10055217,23815248,501698,15960,2936,15893,66589,3265,2486,23947,171275,36427,45614,50000000,0.7134
2020/6/23,6,2,淡季,計劃,綠,OFF,394608,778578,9706768,23103282,456830,15316,2190,13922,66723,2745,2928,20714,168916,31066,44923,50000000,0.6888
2020/6/24,6,3,旺季,計劃,紅,OFF,397343,789407,9316509,23141578,461807,21321,8906,20773,66530,5788,2388,23755,175571,35921,45553,50000000,0.6821
2020/6/25,6,4,旺季,急單,綠,OFF,466000,1085781,10077043,25453582,594927,15340,2261,17779,66525,3345,3119,23612,179700,29812,44744,50000000,0.7535
2020/6/26,6,5,旺季,急單,綠,OFF,500758,1253793,9709969,24544009,668310,17770,4929,22475,66669,4850,2419,24550,177802,36015,45565,50000000,0.7335
2020/6/27,6,6,旺季,急單,綠,OFF,478227,1143504,9326201,23626255,620281,15304,2197,18415,66631,3421,3104,26877,201734,28629,44568,50000000,0.7039
2020/6/28,6,7,旺季,計劃,綠,OFF,449678,1011052,10068623,24288773,561856,15997,2995,17602,66511,3539,2644,24908,200030,36535,45627,50000000,0.7276
2020/6/29,6,1,旺季,計劃,綠,OFF,414576,859366,9710609,25386787,493743,15324,2234,14973,66567,2916,2989,27325,198722,28386,44531,50000000,0.7373
2020/6/30,6,2,旺季,計劃,綠,OFF,376223,707718,9323306,22767996,424018,15340,2232,13071,66658,2630,2839,24884,213838,36969,45678,50000000,0.672
2020/7/1,7,3,旺季,計劃,綠,OFF,359743,647075,10071572,23321057,395563,16920,4008,14076,66566,3314,2863,25454,211107,28965,44619,50000000,0.6959
2020/7/2,7,4,旺季,計劃,紅,ON,351410,617446,9709888,24904612,381520,25594,13649,23338,66548,7596,2933,24550,231981,37104,45694,50000000,0.7193
2020/7/3,7,5,旺季,計劃,紅,ON,340589,580005,9322748,24390708,363630,33596,22523,31729,66627,11516,2661,21720,233176,29774,44738,50000000,0.7
2020/7/4,7,6,旺季,計劃,綠,OFF,342988,588204,10068686,25276990,367562,17943,5134,14446,66612,3707,2832,24410,230773,37037,45686,50000000,0.7329
2020/7/5,7,7,旺季,計劃,綠,OFF,367212,674221,9710220,23109790,408346,17111,4223,14637,66553,3462,2599,19555,256989,30370,44824,50000000,0.6854
2020/7/6,7,1,旺季,計劃,綠,OFF,404731,819034,9320541,24044353,475377,15602,2539,14776,66584,2978,2671,24225,253930,36670,45643,50000000,0.7013
2020/7/7,7,2,旺季,計劃,綠,OFF,424043,899061,10069296,25126212,511708,15360,2261,15492,66625,3002,2683,19277,263762,30306,44815,50000000,0.7406
2020/7/8,7,3,旺季,計劃,綠,OFF,418209,874492,9710522,23832582,500602,17752,4929,17856,66578,4157,2509,24011,273357,36419,45613,50000000,0.7067
2020/7/9,7,4,旺季,計劃,綠,OFF,415813,864504,9321893,25117626,496075,15290,2197,15001,66562,2909,2904,21041,270181,29874,44753,50000000,0.7243
2020/7/10,7,5,旺季,計劃,綠,OFF,406698,827015,10068228,24199843,479020,16017,2995,15332,66608,3198,2431,24084,302494,36373,45608,50000000,0.7196
2020/7/11,7,6,旺季,計劃,綠,OFF,395976,783983,9709491,23687687,459316,15331,2234,14034,66603,2775,3050,23734,301061,29372,44679,50000000,0.7007
2020/7/12,7,7,旺季,計劃,紅,ON,431672,931702,9321861,23862412,526403,21490,9084,22718,66571,6133,2484,24404,302533,36509,45624,50000000,0.7015
2020/7/13,7,1,旺季,急單,綠,OFF,483379,1168277,10071044,25751924,631115,15393,2307,18823,66586,3515,3071,25938,325263,29113,44641,50000000,0.7621
2020/7/14,7,2,旺季,急單,綠,OFF,489492,1198014,9710242,25109459,644084,17847,5028,21903,66608,4794,2634,24781,321420,36732,45650,50000000,0.743
2020/7/15,7,3,旺季,急單,綠,OFF,463952,1076259,9322938,24173346,590729,15334,2241,17644,66586,3319,2986,26552,348738,29225,44658,50000000,0.7125
2020/7/16,7,4,旺季,計劃,綠,OFF,432127,933669,10069281,24696408,527286,16064,3055,16713,66575,3423,2806,24780,353281,36863,45666,50000000,0.7332
2020/7/17,7,5,旺季,計劃,綠,OFF,395399,781703,9710146,25696354,458268,15370,2279,14050,66599,2791,2838,24833,349838,29560,44707,50000000,0.7408
2020/7/18,7,6,旺季,計劃,綠,OFF,367983,677057,9322070,23611266,409677,15368,2276,12727,66597,2592,2868,24614,386660,36840,45663,50000000,0.6878
2020/7/19,7,7,旺季,計劃,綠,OFF,355577,632174,10069765,24019970,388513,16995,4088,13966,66579,3321,2708,22243,383049,29858,44751,50000000,0.7093
2020/7/20,7,1,旺季,計劃,紅,ON,346000,598579,9710073,25307640,372526,25848,13922,23368,66587,7682,2812,24395,399138,36721,45649,50000000,0.7267
2020/7/21,7,2,旺季,計劃,紅,ON,341789,584097,9321996,24918263,365593,33996,22973,32232,66599,11727,2648,20184,415898,29939,44762,50000000,0.7106
2020/7/22,7,3,旺季,計劃,綠,OFF,355100,630479,10069307,25837047,387710,18030,5237,15092,66588,3835,2671,24215,411187,36602,45635,50000000,0.7456
2020/7/23,7,4,旺季,計劃,綠,OFF,385971,744868,9710124,23637178,441275,17193,4307,15616,66582,3635,2728,19958,454111,29807,44743,50000000,0.6984
2020/7/24,7,5,旺季,計劃,綠,OFF,414387,858581,9321860,24522070,493387,15649,2589,15319,66594,3075,2537,24107,454136,36541,45628,50000000,0.7122
2020/7/25,7,6,旺季,計劃,綠,OFF,421126,886734,10069523,25652322,506141,15395,2307,15385,66594,3000,2879,21351,458066,29578,44710,50000000,0.7507
2020/7/26,7,7,旺季,計劃,綠,OFF,417011,869491,9710095,24450372,498336,17842,5028,17893,66584,4192,2474,24166,492640,36579,45632,50000000,0.7189
2020/7/27,7,1,旺季,計劃,綠,OFF,411256,845656,9322151,25713503,487513,15335,2241,14811,66588,2894,3008,23571,487325,29429,44688,50000000,0.7356
2020/7/28,7,2,旺季,計劃,綠,OFF,401337,805355,10069525,24610694,469120,16068,3055,15122,66594,3185,2516,24423,525185,36663,45642,50000000,0.7271
2020/7/29,7,3,旺季,計劃,綠,OFF,413824,856250,9710015,24269911,492328,15368,2279,14979,66589,2930,3036,25408,535120,29426,44687,50000000,0.7148
2020/7/30,7,4,旺季,急單,紅,ON,457525,1046647,9322145,24572348,577645,21656,9266,24307,66585,6426,2641,24655,531779,36733,45651,50000000,0.7195
2020/7/31,7,5,旺季,急單,綠,OFF,486436,1183099,10069784,26097760,637584,15436,2353,19048,66591,3563,2965,25774,583017,29539,44704,50000000,0.7695
2020/8/1,8,6,旺季,急單,綠,OFF,476722,1136321,9710136,25690174,617135,17934,5129,21259,66592,4727,2769,24725,579303,36751,45653,50000000,0.7526
2020/8/2,8,7,旺季,計劃,綠,OFF,448040,990010,9322203,24713669,558586,15375,2286,16804,66587,3206,2844,24543,602971,29678,44724,50000000,0.7209
2020/8/3,8,1,旺季,計劃,綠,OFF,413763,856000,10069480,25134891,492215,16122,3116,15813,66588,3307,2829,24597,630910,36713,45648,50000000,0.7393
2020/8/4,8,2,旺季,計劃,綠,OFF,381691,728441,9710091,26064160,433659,15410,2324,13426,66592,2711,2731,22420,624175,29748,44735,50000000,0.7464
2020/8/5,8,3,旺季,計劃,綠,OFF,361780,654423,9322045,24406736,399031,15408,2322,12484,66589,2569,2784,24408,682978,36656,45642,50000000,0.7029
2020/8/6,8,4,旺季,計劃,綠,OFF,350788,615262,10069581,24717496,380481,17070,4170,13830,66587,3325,2695,20795,686153,29722,44731,50000000,0.7227
2020/8/7,8,5,旺季,計劃,紅,ON,343894,591316,9710089,25736576,369052,26099,14201,23553,66590,7793,2673,24239,694492,36621,45637,50000000,0.735
2020/8/8,8,6,旺季,計劃,紅,ON,348444,607067,9322071,25444790,376578,34408,23433,32988,66591,11978,2752,20497,745778,29636,44718,50000000,0.722
2020/8/9,8,7,旺季,計劃,綠,OFF,370535,686483,10069524,26383313,414095,18125,5341,15911,66588,3989,2561,24163,738907,36624,45638,50000000,0.7585
2020/8/10,8,1,旺季,計劃,綠,OFF,400179,800715,9710092,24209964,466995,17272,4393,16402,66589,3778,2872,21627,791134,29556,44706,50000000,0.7118
2020/8/11,8,2,旺季,計劃,綠,OFF,417756,872601,9322081,25037917,499745,15695,2641,15545,66591,3124,2509,24232,810083,36654,45641,50000000,0.723
2020/8/12,8,3,旺季,計劃,綠,OFF,419068,878091,10069579,26176321,502231,15435,2353,15324,66589,3004,2974,23443,807010,29530,44703,50000000,0.7609
2020/8/13,8,4,旺季,計劃,綠,OFF,414133,857532,9710085,25068654,492911,17933,5129,17845,66588,4215,2544,24415,879318,36688,45645,50000000,0.7309
2020/8/14,8,5,旺季,計劃,綠,OFF,406296,825382,9322123,26314849,478276,15376,2286,14603,66590,2876,3003,24918,876390,29564,44708,50000000,0.7469
2020/8/15,8,6,旺季,計劃,綠,OFF,407580,830608,10069579,25050813,480659,16122,3116,15498,66590,3259,2642,24601,911324,36704,45647,50000000,0.7368
2020/8/16,8,7,旺季,計劃,綠,OFF,435674,949061,9710084,24855150,534191,15410,2324,16172,66589,3123,2948,25242,955904,29623,44716,50000000,0.7297
2020/8/17,8,1,旺季,急單,紅,ON,471981,1113828,9322109,25272312,607266,21824,9451,25309,66589,6632,2746,24659,947430,36695,45646,50000000,0.7357
2020/8/18,8,2,旺季,急單,綠,OFF,481579,1159592,10069590,26485932,627320,15478,2400,18812,66590,3542,2847,24246,1028564,29665,44722,50000000,0.7765
2020/8/19,8,3,旺季,急單,綠,OFF,462381,1068981,9710098,26285185,587518,18026,5231,20545,66589,4651,2794,24577,1037769,36673,45643,50000000,0.7623
2020/8/20,8,4,旺季,計劃,綠,OFF,430901,928380,9322105,25251771,524911,15417,2332,15925,66589,3088,2756,22586,1052236,29668,44723,50000000,0.7292
2020/8/21,8,5,旺季,計劃,綠,OFF,397727,790935,10069549,25601223,462508,16178,3178,15065,66590,3213,2762,24415,1128003,36654,45641,50000000,0.7464
2020/8/22,8,6,旺季,計劃,綠,OFF,371735,690936,9710088,26482503,416180,15452,2371,12997,66590,2661,2726,21237,1119736,29638,44719,50000000,0.7534
2020/8/23,8,7,旺季,計劃,綠,OFF,356284,634691,9322086,25165166,389706,15449,2368,12278,66589,2552,2673,24270,1192718,36649,45641,50000000,0.7174
2020/8/24,8,1,旺季,計劃,綠,OFF,347341,603229,10069570,25415646,374747,17146,4253,13759,66589,3340,2773,20973,1226070,29601,44713,50000000,0.7362
2020/8/25,8,2,旺季,計劃,紅,ON,346169,599166,9710090,26188283,372806,26354,14485,23938,66590,7936,2581,24211,1224466,36658,45642,50000000,0.7443
2020/8/26,8,3,旺季,計劃,紅,ON,359490,646165,9322098,25974022,395133,34829,23902,33958,66589,12264,2866,21856,1326830,29581,44710,50000000,0.7339
2020/8/27,8,4,旺季,計劃,綠,OFF,385357,742501,10069564,26923874,440179,18221,5448,16727,66589,4143,2538,24270,1326533,36673,45643,50000000,0.7712
2020/8/28,8,5,旺季,計劃,綠,OFF,408967,836272,9710090,24818340,483241,17351,4481,16934,66589,3884,2950,23329,1377347,29587,44711,50000000,0.7251
2020/8/29,8,6,旺季,計劃,綠,OFF,418412,875344,9322101,25587780,500987,15743,2694,15632,66590,3153,2565,24416,1446995,36683,45645,50000000,0.7341
2020/8/30,8,7,旺季,計劃,綠,OFF,416601,867781,10069573,26701403,497561,15478,2400,15244,66589,3007,2975,24534,1437088,29610,44714,50000000,0.7711
2020/8/31,8,1,淡季,計劃,綠,OFF,410215,841380,9710089,25687725,485567,18026,5231,17747,66589,4231,2644,24558,1550300,36683,45645,50000000,0.7427
2020/9/1,9,2,淡季,計劃,綠,OFF,406938,827993,9322104,26920319,479467,15417,2332,14681,66590,2902,2933,24802,1570115,29631,44718,50000000,0.7591
2020/9/2,9,3,淡季,計劃,綠,OFF,421627,888848,10069570,25521608,507096,16178,3178,16283,66589,3396,2728,24612,1594013,36675,45644,50000000,0.7482
2020/9/3,9,4,淡季,急單,綠,OFF,453828,1029797,9710090,25447495,570179,15451,2371,17207,66589,3292,2850,24024,1705368,29639,44719,50000000,0.7442
2020/9/4,9,5,淡季,急單,紅,ON,476780,1136595,9322100,25963540,617255,21994,9640,25774,66589,6758,2767,24550,1696850,36666,45643,50000000,0.7503
2020/9/5,9,6,淡季,急單,綠,OFF,471980,1113826,10069569,26911884,607265,15521,2448,18306,66589,3480,2776,22690,1799315,29631,44717,50000000,0.7835
2020/9/6,9,7,淡季,計劃,綠,OFF,446641,997442,9710091,26893456,555801,18120,5336,19777,66589,4567,2743,24420,1855417,36661,45642,50000000,0.7721
2020/9/7,9,1,淡季,計劃,綠,OFF,414314,858282,9322099,25791885,493251,15459,2379,15105,66589,2979,2752,21599,1856895,29615,44715,50000000,0.7376
2020/9/8,9,2,淡季,計劃,綠,OFF,384731,740091,10069565,26093262,439063,16235,3242,14490,66589,3146,2672,24299,2002566,36663,45642,50000000,0.7545
2020/9/9,9,3,淡季,計劃,綠,OFF,364010,662515,9710089,26944688,402843,15494,2418,12683,66589,2628,2788,21355,2008192,29604,44713,50000000,0.7617
2020/9/10,9,4,淡季,計劃,綠,OFF,351813,618860,9322098,25895543,382193,15492,2416,12123,66589,2543,2597,24250,2082039,36669,45643,50000000,0.7314
2020/9/11,9,5,淡季,計劃,綠,OFF,346755,601196,10069569,26116074,373776,17222,4338,13818,66589,3374,2863,22053,2189217,29602,44713,50000000,0.7501