,country,continent,year,lifeExp,pop,gdpPercap,Two_Letter_Country_Code,iso_alpha,iso_num
0,Afghanistan,Asia,1950,29.22,8221506,728,AF,AFG,4
10,Afghanistan,Asia,1960,31.33,9856623,840,AF,AFG,4
20,Afghanistan,Asia,1970,35.26,12462862,778,AF,AFG,4
30,Afghanistan,Asia,1980,39.29,13681238,901,AF,AFG,4
40,Afghanistan,Asia,1990,41.33,15337935,731,AF,AFG,4
50,Afghanistan,Asia,2000,41.98,24052009,690,AF,AFG,4
60,Afghanistan,Asia,2010,75.82,29185507,874,AF,AFG,4
70,Afghanistan,Asia,2020,77.15,38928346,565,AF,AFG,4
80,Afghanistan,Asia,2030,78.48,48093578,615,AF,AFG,4
83,Albania,Europe,1950,53.61,991432,1465,AL,ALB,8
93,Albania,Europe,1960,62.6,1627484,2165,AL,ALB,8
103,Albania,Europe,1970,67.1,2151756,3092,AL,ALB,8
113,Albania,Europe,1980,69.82,2671677,3592,AL,ALB,8
123,Albania,Europe,1990,71.75,3226027,2994,AL,ALB,8
133,Albania,Europe,2000,74.57,3476322,4040,AL,ALB,8
143,Albania,Europe,2010,75.28,2948023,5755,AL,ALB,8
153,Albania,Europe,2020,76.82,2877797,4700,AL,ALB,8
163,Albania,Europe,2030,78.3,2786974,7900,AL,ALB,8
166,Algeria,Africa,1950,42.03,8988260,2223,DZ,DZA,12
176,Algeria,Africa,1960,47.26,10708911,2736,DZ,DZA,12
186,Algeria,Africa,1970,53.27,13960672,3808,DZ,DZA,12
196,Algeria,Africa,1980,60.03,18881373,5411,DZ,DZA,12
206,Algeria,Africa,1990,66.97,25081006,5286,DZ,DZA,12
216,Algeria,Africa,2000,70.26,30401091,5092,DZ,DZA,12
226,Algeria,Africa,2010,74.94,35977455,5845,DZ,DZA,12
236,Algeria,Africa,2020,77.08,43851044,4575,DZ,DZA,12
246,Algeria,Africa,2030,79.02,50360749,5500,DZ,DZA,12
249,Angola,Africa,1950,29.22,3940830,3398,DZ,AGO,24
259,Angola,Africa,1960,33.2,4720153,4093,DZ,AGO,24
269,Angola,Africa,1970,37.15,5635902,5493,DZ,AGO,24
279,Angola,Africa,1980,39.76,6674900,2858,DZ,AGO,24
289,Angola,Africa,1990,40.35,8391285,2549,DZ,AGO,24
299,Angola,Africa,2000,40.99,10469673,2575,DZ,AGO,24
309,Angola,Africa,2010,55.35,23356246,4374,DZ,AGO,24
319,Angola,Africa,2020,61.59,32866272,2980,DZ,AGO,24
329,Angola,Africa,2030,65.62,44834712,4700,DZ,AGO,24
332,Argentina,Americas,1950,61.72,17585691,5533,AR,ARG,32
342,Argentina,Americas,1960,64.84,20614485,7023,AR,ARG,32
352,Argentina,Americas,1970,66.49,24041569,8887,AR,ARG,32
362,Argentina,Americas,1980,69.36,28398356,9430,AR,ARG,32
372,Argentina,Americas,1990,71.43,33023735,9241,AR,ARG,32
382,Argentina,Americas,2000,73.91,37480058,9665,AR,ARG,32
392,Argentina,Americas,2010,75.28,40895752,12017,AR,ARG,32
402,Argentina,Americas,2020,76.82,45195774,8854,AR,ARG,32
412,Argentina,Americas,2030,78.3,49056162,11900,AR,ARG,32
415,Australia,Oceania,1950,68.64,8399947,9676,AU,AUS,36
425,Australia,Oceania,1960,70.69,10362008,11710,AU,AUS,36
435,Australia,Oceania,1970,71.6,12655106,15884,AU,AUS,36
445,Australia,Oceania,1980,74.24,14740160,19020,AU,AUS,36
455,Australia,Oceania,1990,77.06,16992086,22810,AU,AUS,36
465,Australia,Oceania,2000,79.75,19154172,29212,AU,AUS,36
475,Australia,Oceania,2010,81.7,22154679,40094,AU,AUS,36
485,Australia,Oceania,2020,83.25,25499884,54200,AU,AUS,36
495,Australia,Oceania,2030,85.73,28177481,66900,AU,AUS,36
498,Austria,Europe,1950,66.53,6636507,5055,AT,AUT,40
508,Austria,Europe,1960,68.72,7064262,9987,AT,AUT,40
518,Austria,Europe,1970,70.43,7477320,15131,AT,AUT,40
528,Austria,Europe,1980,72.78,7572140,20858,AT,AUT,40
538,Austria,Europe,1990,75.6,7780543,25700,AT,AUT,40
548,Austria,Europe,2000,78.39,8116938,31089,AT,AUT,40
558,Austria,Europe,2010,80.58,8409949,39759,AT,AUT,40
568,Austria,Europe,2020,81.79,9006398,46500,AT,AUT,40
578,Austria,Europe,2030,82.28,9175689,67000,AT,AUT,40
581,Bahrain,Asia,1950,49.78,113164,9160,BH,BHR,48
591,Bahrain,Asia,1960,55.69,158580,12306,BH,BHR,48
601,Bahrain,Asia,1970,61.95,219353,16883,BH,BHR,48
611,Bahrain,Asia,1980,67.67,345744,19263,BH,BHR,48
621,Bahrain,Asia,1990,71.86,499539,18831,BH,BHR,48
631,Bahrain,Asia,2000,74.45,633263,22159,BH,BHR,48
641,Bahrain,Asia,2010,76.06,1240860,27575,BH,BHR,48
651,Bahrain,Asia,2020,77.43,1701575,20500,BH,BHR,48
661,Bahrain,Asia,2030,78.74,2013416,26100,BH,BHR,48
664,Bangladesh,Asia,1950,36.74,46595594,693,BD,BGD,50
674,Bangladesh,Asia,1960,40.47,54649761,676,BD,BGD,50
684,Bangladesh,Asia,1970,44.53,67584331,667,BD,BGD,50
694,Bangladesh,Asia,1980,48.77,88015966,670,BD,BGD,50
704,Bangladesh,Asia,1990,54.74,109728444,803,BD,BGD,50
714,Bangladesh,Asia,2000,60.97,130720189,1071,BD,BGD,50
724,Bangladesh,Asia,2010,69.88,147575430,1365,BD,BGD,50
734,Bangladesh,Asia,2020,72.86,164689383,1250,BD,BGD,50
744,Bangladesh,Asia,2030,75.54,178993869,1550,BD,BGD,50
747,Belgium,Europe,1950,67.5,8439140,7794,BE,BEL,56
757,Belgium,Europe,1960,69.85,9126684,10481,BE,BEL,56
767,Belgium,Europe,1970,71.24,9648060,15263,BE,BEL,56
777,Belgium,Europe,1980,73.48,9842502,20235,BE,BEL,56
787,Belgium,Europe,1990,76.02,9975453,24356,BE,BEL,56
797,Belgium,Europe,2000,78.0,10267097,29316,BE,BEL,56
807,Belgium,Europe,2010,80.18,10938739,37155,BE,BEL,56
817,Belgium,Europe,2020,81.8,11589623,46000,BE,BEL,56
827,Belgium,Europe,2030,82.82,11903750,51000,BE,BEL,56
830,Benin,Africa,1950,37.37,1447050,1104,BJ,BEN,204
840,Benin,Africa,1960,41.71,2061206,954,BJ,BEN,204
850,Benin,Africa,1970,46.16,2627778,1066,BJ,BEN,204
860,Benin,Africa,1980,50.22,3452269,1178,BJ,BEN,204
870,Benin,Africa,1990,53.29,4686518,1205,BJ,BEN,204
880,Benin,Africa,2000,54.55,6642100,1317,BJ,BEN,204
890,Benin,Africa,2010,59.32,9199259,1396,BJ,BEN,204
900,Benin,Africa,2020,62.06,12123200,1150,BJ,BEN,204
910,Benin,Africa,2030,65.02,15672304,1740,BJ,BEN,204
913,Bolivia,Americas,1950,39.82,2592050,2897,BO,BOL,68
923,Bolivia,Americas,1960,42.81,3441046,2160,BO,BOL,68
933,Bolivia,Americas,1970,46.04,4355789,2823,BO,BOL,68
943,Bolivia,Americas,1980,52.32,5417221,3313,BO,BOL,68
953,Bolivia,Americas,1990,58.87,6598618,2878,BO,BOL,68
963,Bolivia,Americas,2000,63.15,8144356,3378,BO,BOL,68
973,Bolivia,Americas,2010,68.01,10048590,3512,BO,BOL,68
983,Bolivia,Americas,2020,71.83,11673021,2410,BO,BOL,68
993,Bolivia,Americas,2030,74.77,13240382,2950,BO,BOL,68
996,Bosnia and Herzegovina,Europe,1950,51.97,2499735,821,BA,BIH,70
1006,Bosnia and Herzegovina,Europe,1960,60.54,3239800,1567,BA,BIH,70
1016,Bosnia and Herzegovina,Europe,1970,66.39,3725400,2585,BA,BIH,70
1026,Bosnia and Herzegovina,Europe,1980,70.36,4138016,3887,BA,BIH,70
1036,Bosnia and Herzegovina,Europe,1990,71.76,4289199,3254,BA,BIH,70
1046,Bosnia and Herzegovina,Europe,2000,73.75,3942050,5518,BA,BIH,70
1056,Bosnia and Herzegovina,Europe,2010,76.03,3705472,7144,BA,BIH,70
1066,Bosnia and Herzegovina,Europe,2020,77.53,3280819,5900,BA,BIH,70
1076,Bosnia and Herzegovina,Europe,2030,78.87,3126648,6900,BA,BIH,70
1079,Botswana,Africa,1950,46.82,151043,824,BW,BWA,72
1089,Botswana,Africa,1960,50.76,497514,957,BW,BWA,72
1099,Botswana,Africa,1970,54.93,593027,1844,BW,BWA,72
1109,Botswana,Africa,1980,60.62,894797,4017,BW,BWA,72
1119,Botswana,Africa,1990,63.1,1266042,7255,BW,BWA,72
1129,Botswana,Africa,2000,49.0,1592823,10061,BW,BWA,72
1139,Botswana,Africa,2010,60.21,1987105,11451,BW,BWA,72
1149,Botswana,Africa,2020,70.2,2351627,7000,BW,BWA,72
1159,Botswana,Africa,2030,74.83,2774340,9900,BW,BWA,72
1162,Brazil,Americas,1950,49.97,56311295,1958,BR,BRA,76
1172,Brazil,Americas,1960,54.71,71844102,2997,BR,BRA,76
1182,Brazil,Americas,1970,58.76,95723964,4363,BR,BRA,76
1192,Brazil,Americas,1980,62.6,123103344,6883,BR,BRA,76
1202,Brazil,Americas,1990,66.32,150760815,7293,BR,BRA,76
1212,Brazil,Americas,2000,70.36,175367215,8062,BR,BRA,76
1222,Brazil,Americas,2010,73.62,195713635,9580,BR,BRA,76
1232,Brazil,Americas,2020,76.1,212559417,10400,BR,BRA,76
1242,Brazil,Americas,2030,78.26,223852122,12000,BR,BRA,76
1245,Bulgaria,Europe,1950,56.8,6983635,2219,BG,BGR,100
1255,Bulgaria,Europe,1960,68.35,7868269,3756,BG,BGR,100
1265,Bulgaria,Europe,1970,70.71,8469810,6189,BG,BGR,100
1275,Bulgaria,Europe,1980,70.97,8854068,7979,BG,BGR,100
1285,Bulgaria,Europe,1990,71.25,8783887,7078,BG,BGR,100
1295,Bulgaria,Europe,2000,71.41,7823502,7006,BG,BGR,100
1305,Bulgaria,Europe,2010,73.51,7425008,10267,BG,BGR,100
1315,Bulgaria,Europe,2020,75.26,6948445,8500,BG,BGR,100
1325,Bulgaria,Europe,2030,76.75,6416749,12500,BG,BGR,100
1328,Burkina Faso,Africa,1950,30.8,4178714,514,BF,BFA,854
1338,Burkina Faso,Africa,1960,36.65,4837146,680,BF,BFA,854
1348,Burkina Faso,Africa,1970,42.43,5311506,831,BF,BFA,854
1358,Burkina Faso,Africa,1980,47.33,6336587,782,BF,BFA,854
1368,Burkina Faso,Africa,1990,49.98,8361602,924,BF,BFA,854
1378,Burkina Faso,Africa,2000,50.52,11491863,1001,BF,BFA,854
1388,Burkina Faso,Africa,2010,57.1,15605217,1118,BF,BFA,854
1398,Burkina Faso,Africa,2020,61.99,20903273,700,BF,BFA,854
1408,Burkina Faso,Africa,2030,66.05,27404039,925,BF,BFA,854
1411,Burundi,Africa,1950,38.43,2154353,323,BI,BDI,108
1421,Burundi,Africa,1960,41.44,2844156,365,BI,BDI,108
1431,Burundi,Africa,1970,43.85,3450385,444,BI,BDI,108
1441,Burundi,Africa,1980,46.85,4282012,558,BI,BDI,108
1451,Burundi,Africa,1990,46.13,5535951,628,BI,BDI,108
1461,Burundi,Africa,2000,46.55,6661291,453,BI,BDI,108
1471,Burundi,Africa,2010,57.23,8675602,375,BI,BDI,108
1481,Burundi,Africa,2020,61.95,11890784,202,BI,BDI,108
1491,Burundi,Africa,2030,65.44,15772822,330,BI,BDI,108
1494,Cambodia,Asia,1950,38.64,4402571,342,KH,KHM,116
1504,Cambodia,Asia,1960,42.6,5779186,472,KH,KHM,116
1514,Cambodia,Asia,1970,42.36,7254390,462,KH,KHM,116
1524,Cambodia,Asia,1980,43.06,7154934,585,KH,KHM,116
1534,Cambodia,Asia,1990,55.05,9438773,683,KH,KHM,116
1544,Cambodia,Asia,2000,56.66,12469209,831,KH,KHM,116
1554,Cambodia,Asia,2010,66.56,14312212,1603,KH,KHM,116
1564,Cambodia,Asia,2020,70.13,16718965,1215,KH,KHM,116
1574,Cambodia,Asia,2030,72.94,18781033,1758,KH,KHM,116
1577,Cameroon,Africa,1950,37.76,4717802,1117,CM,CMR,120
1587,Cameroon,Africa,1960,41.76,5620149,1365,CM,CMR,120
1597,Cameroon,Africa,1970,46.15,6746819,1614,CM,CMR,120
1607,Cameroon,Africa,1980,51.52,8734445,2134,CM,CMR,120
1617,Cameroon,Africa,1990,54.58,11792569,2117,CM,CMR,120
1627,Cameroon,Africa,2000,50.79,15236316,1838,CM,CMR,120
1637,Cameroon,Africa,2010,55.1,20341241,1912,CM,CMR,120
1647,Cameroon,Africa,2020,59.74,26545863,1400,CM,CMR,120
1657,Cameroon,Africa,2030,63.84,33766121,2045,CM,CMR,120
1660,Canada,Americas,1950,68.27,14494319,10918,CA,CAN,124
1670,Canada,Americas,1960,70.76,18195571,13073,CA,CAN,124
1680,Canada,Americas,1970,72.58,21698607,17813,CA,CAN,124
1690,Canada,Americas,1980,75.14,24639700,22576,CA,CAN,124
1700,Canada,Americas,1990,77.51,27733981,26456,CA,CAN,124
1710,Canada,Americas,2000,79.31,31263698,31579,CA,CAN,124
1720,Canada,Americas,2010,81.25,34147564,40137,CA,CAN,124
1730,Canada,Americas,2020,81.95,26545863,50100,CA,CAN,124
1740,Canada,Americas,2030,81.95,33766121,55600,CA,CAN,124
1743,Central African Republic,Africa,1950,34.66,1000430,1023,CF,CAF,140
1753,Central African Republic,Africa,1960,38.67,1471000,1192,CF,CAF,140
1763,Central African Republic,Africa,1970,42.67,1849811,1096,CF,CAF,140
1773,Central African Republic,Africa,1980,47.69,2353196,1018,CF,CAF,140
1783,Central African Republic,Africa,1990,49.83,3095078,787,CF,CAF,140
1793,Central African Republic,Africa,2000,44.41,3907413,739,CF,CAF,140
1803,Central African Republic,Africa,2010,47.31,4386768,626,CF,CAF,140
1813,Central African Republic,Africa,2020,53.94,4829767,370,CF,CAF,140
1823,Central African Republic,Africa,2030,59.59,5942211,418,CF,CAF,140
1826,Chad,Africa,1950,37.38,2391197,1127,TD,TCD,148
1836,Chad,Africa,1960,40.98,3048192,1357,TD,TCD,148
1846,Chad,Africa,1970,44.78,3737828,1141,TD,TCD,148
1856,Chad,Africa,1980,48.66,4680375,932,TD,TCD,148
1866,Chad,Africa,1990,51.45,6057232,1016,TD,TCD,148
1876,Chad,Africa,2000,50.94,8326248,1096,TD,TCD,148
1886,Chad,Africa,2010,50.89,11952136,1481,TD,TCD,148
1896,Chad,Africa,2020,54.51,16425864,700,TD,TCD,148
1906,Chad,Africa,2030,57.16,21690381,1260,TD,TCD,148
1909,Chile,Americas,1950,54.21,6086354,3790,CL,CHL,152
1919,Chile,Americas,1960,57.18,7596125,4438,CL,CHL,152
1929,Chile,Americas,1970,62.27,9374078,5339,CL,CHL,152
1939,Chile,Americas,1980,69.16,11132184,4960,CL,CHL,152
1949,Chile,Americas,1990,73.47,13129138,6777,CL,CHL,152
1959,Chile,Americas,2000,77.04,15138199,10514,CL,CHL,152
1969,Chile,Americas,2010,78.78,17062536,13652,CL,CHL,152
1979,Chile,Americas,2020,80.31,19116201,14650,CL,CHL,152
1989,Chile,Americas,2030,81.64,19458103,16800,CL,CHL,152
1992,China,Asia,1950,41.38,555972262,330,CN,CHN,156
2002,China,Asia,1960,46.92,654425200,523,CN,CHN,156
2012,China,Asia,1970,61.22,819038000,651,CN,CHN,156
2022,China,Asia,1980,64.9,977550600,874,CN,CHN,156
2032,China,Asia,1990,68.12,1132596000,1545,CN,CHN,156
2042,China,Asia,2000,71.39,1260270000,2787,CN,CHN,156
2052,China,Asia,2010,74.41,1368810615,5783,CN,CHN,156
2062,China,Asia,2020,77.17,1439323776,8130,CN,CHN,156
2072,China,Asia,2030,79.51,1464340159,10460,CN,CHN,156
2075,Colombia,Americas,1950,48.85,12059506,2072,CO,COL,170
2085,Colombia,Americas,1960,56.77,16000328,2425,CO,COL,170
2095,Colombia,Americas,1970,60.96,21431345,3030,CO,COL,170
2105,Colombia,Americas,1980,65.53,26696551,4165,CO,COL,170
2115,Colombia,Americas,1990,68.16,32907331,5228,CO,COL,170
2125,Colombia,Americas,2000,71.13,39668068,5900,CO,COL,170
2135,Colombia,Americas,2010,75.42,45222700,7216,CO,COL,170
2145,Colombia,Americas,2020,77.48,50882891,7500,CO,COL,170
2155,Colombia,Americas,2030,79.32,53416763,8600,CO,COL,170
2158,Comoros,Africa,1950,40.02,147139,1060,KM,COM,174
2168,Comoros,Africa,1960,43.66,183385,1328,KM,COM,174
2178,Comoros,Africa,1970,47.96,236967,1913,KM,COM,174
2188,Comoros,Africa,1980,52.14,331081,1229,KM,COM,174
2198,Comoros,Africa,1990,56.73,430703,1275,KM,COM,174
2208,Comoros,Africa,2000,62.05,579822,1115,KM,COM,174
2218,Comoros,Africa,2010,61.86,689692,1092,KM,COM,174
2228,Comoros,Africa,2020,64.53,869601,1378,KM,COM,174
2238,Comoros,Africa,2030,66.59,1063114,1850,KM,COM,174
2241,"Congo, Dem. Rep.",Africa,1950,38.54,13808740,730,CD,COD,180
2251,"Congo, Dem. Rep.",Africa,1960,41.53,16723033,900,CD,COD,180
2261,"Congo, Dem. Rep.",Africa,1970,45.22,21781031,888,CD,COD,180
2271,"Congo, Dem. Rep.",Africa,1980,47.79,28980245,723,CD,COD,180
2281,"Congo, Dem. Rep.",Africa,1990,46.29,39195944,544,CD,COD,180
2291,"Congo, Dem. Rep.",Africa,2000,44.01,52347506,270,CD,COD,180
2301,"Congo, Dem. Rep.",Africa,2010,56.91,64563854,314,CD,COD,180
2311,"Congo, Dem. Rep.",Africa,2020,61.05,89561403,390,CD,COD,180
2321,"Congo, Dem. Rep.",Africa,2030,64.47,120046726,600,CD,COD,180
2324,"Congo, Rep.",Africa,1950,40.93,563620,2050,CG,COG,178
2334,"Congo, Rep.",Africa,1960,47.08,1004938,2405,CG,COG,178
2344,"Congo, Rep.",Africa,1970,53.76,1276179,2999,CG,COG,178
2354,"Congo, Rep.",Africa,1980,56.27,1679549,4231,CG,COG,178
2364,"Congo, Rep.",Africa,1990,56.85,2271082,4090,CG,COG,178
2374,"Congo, Rep.",Africa,2000,52.97,3117656,3484,CG,COG,178
2384,"Congo, Rep.",Africa,2010,60.09,64563854,2830,CG,COG,178
2394,"Congo, Rep.",Africa,2020,64.96,89561403,390,CG,COG,178
2404,"Congo, Rep.",Africa,2030,68.32,120046726,600,CG,COG,178
2407,Costa Rica,Americas,1950,56.08,635052,2482,CR,CRI,188
2417,Costa Rica,Americas,1960,61.72,1252032,3273,CR,CRI,188
2427,Costa Rica,Americas,1970,66.88,1736364,4736,CR,CRI,188
2437,Costa Rica,Americas,1980,72.37,2298003,5528,CR,CRI,188
2447,Costa Rica,Americas,1990,75.33,3023854,5948,CR,CRI,188
2457,Costa Rica,Americas,2000,77.78,3708203,7305,CR,CRI,188
2467,Costa Rica,Americas,2010,78.77,4577378,9746,CR,CRI,188
2477,Costa Rica,Americas,2020,80.46,5094118,9510,CR,CRI,188
2487,Costa Rica,Americas,2030,82.27,5468038,10300,CR,CRI,188
2490,Cote d'Ivoire,Africa,1950,39.68,2685754,1344,CI,CIV,384
2500,Cote d'Ivoire,Africa,1960,43.95,3619445,1638,CI,CIV,384
2510,Cote d'Ivoire,Africa,1970,48.82,5540966,2248,CI,CIV,384
2520,Cote d'Ivoire,Africa,1980,53.34,8399400,2569,CI,CIV,384
2530,Cote d'Ivoire,Africa,1990,53.09,11967997,1852,CI,CIV,384
2540,Cote d'Ivoire,Africa,2000,47.3,15602022,1704,CI,CIV,384
2550,Cote d'Ivoire,Africa,2010,52.96,20530000,1571,CI,CIV,384
2560,Cote d'Ivoire,Africa,2020,58.23,25820000,1715,CI,CIV,384
2570,Cote d'Ivoire,Africa,2030,62.28,26550000,2346,CI,CIV,384
2573,Croatia,Europe,1950,59.79,3590964,2632,HR,HRV,191
2583,Croatia,Europe,1960,66.19,4042431,5022,HR,HRV,191
2593,Croatia,Europe,1970,69.17,4204932,8283,HR,HRV,191
2603,Croatia,Europe,1980,70.53,4375490,12455,HR,HRV,191
2613,Croatia,Europe,1990,72.12,4490132,10598,HR,HRV,191
2623,Croatia,Europe,2000,74.4,4466450,10927,HR,HRV,191
2633,Croatia,Europe,2010,76.48,4328165,15078,HR,HRV,191
2643,Croatia,Europe,2020,78.56,4105267,15200,HR,HRV,191
2653,Croatia,Europe,2030,81.0,3877272,18100,HR,HRV,191
2656,Cuba,Americas,1950,58.26,5716532,5384,CU,CUB,192
2666,Cuba,Americas,1960,64.08,7008925,5545,CU,CUB,192
2676,Cuba,Americas,1970,69.75,8554542,5459,CU,CUB,192
2686,Cuba,Americas,1980,73.29,9688730,6942,CU,CUB,192
2696,Cuba,Americas,1990,74.32,10529892,6369,CU,CUB,192
2706,Cuba,Americas,2000,76.76,11129402,5977,CU,CUB,192
2716,Cuba,Americas,2010,78.34,11225832,8415,CU,CUB,192
2726,Cuba,Americas,2020,78.85,11326616,6530,CU,CUB,192
2736,Cuba,Americas,2030,79.49,11142328,7110,CU,CUB,192
2739,Czech Republic,Europe,1950,66.01,8833918,6324,CZ,CZE,203
2749,Czech Republic,Europe,1960,69.55,9577672,9385,CZ,CZE,203
2759,Czech Republic,Europe,1970,70.33,9851338,12425,CZ,CZE,203
2769,Czech Republic,Europe,1980,70.86,10246988,15146,CZ,CZE,203
2779,Czech Republic,Europe,1990,72.07,10314060,15102,CZ,CZE,203
2789,Czech Republic,Europe,2000,74.91,10274060,16977,CZ,CZE,203
2799,Czech Republic,Europe,2010,77.42,10536518,23083,CZ,CZE,203
2809,Czech Republic,Europe,2020,79.13,10708981,22500,CZ,CZE,203
2819,Czech Republic,Europe,2030,79.64,10744834,30300,CZ,CZE,203
2822,Denmark,Europe,1950,70.37,4272468,9129,DK,DNK,208
2832,Denmark,Europe,1960,72.13,4583272,12590,DK,DNK,208
2842,Denmark,Europe,1970,73.27,4930478,17695,DK,DNK,208
2852,Denmark,Europe,1980,74.65,5106054,21182,DK,DNK,208
2862,Denmark,Europe,1990,75.12,5153645,25891,DK,DNK,208
2872,Denmark,Europe,2000,76.75,5338281,31222,DK,DNK,208
2882,Denmark,Europe,2010,79.1,5554844,42746,DK,DNK,208
2892,Denmark,Europe,2020,80.66,5792202,62200,DK,DNK,208
2902,Denmark,Europe,2030,79.17,6001867,69800,DK,DNK,208
2905,Djibouti,Africa,1950,33.81,1617,2591,DJ,DJI,262
2915,Djibouti,Africa,1960,38.75,82679,2959,DJ,DJI,262
2925,Djibouti,Africa,1970,43.45,158356,3425,DJ,DJI,262
2935,Djibouti,Africa,1980,47.89,275072,2960,DJ,DJI,262
2945,Djibouti,Africa,1990,50.98,354904,2578,DJ,DJI,262
2955,Djibouti,Africa,2000,53.29,435613,1903,DJ,DJI,262
2965,Djibouti,Africa,2010,60.06,840198,2296,DJ,DJI,262
2975,Djibouti,Africa,2020,67.96,988000,3088,DJ,DJI,262
2985,Djibouti,Africa,2030,74.85,1116724,4608,DJ,DJI,262
2988,Dominican Republic,Americas,1950,44.37,2429814,1339,DM,DMA,212
2998,Dominican Republic,Americas,1960,52.01,3241335,1615,DM,DMA,212
3008,Dominican Republic,Americas,1970,58.48,4422456,1975,DM,DMA,212
3018,Dominican Republic,Americas,1980,62.95,5702129,2789,DM,DMA,212
3028,Dominican Republic,Americas,1990,67.49,7072827,2986,DM,DMA,212
3038,Dominican Republic,Americas,2000,70.49,8387136,4184,DM,DMA,212
3048,Dominican Republic,Americas,2010,72.05,9695121,6520,DM,DMA,212
3058,Dominican Republic,Americas,2020,74.3,10847910,7520,DM,DMA,212
3068,Dominican Republic,Americas,2030,76.33,11770322,10400,DM,DMA,212
3071,Ecuador,Americas,1950,47.16,3487221,3419,EC,ECU,218
3081,Ecuador,Americas,1960,53.33,4432378,3964,EC,ECU,218
3091,Ecuador,Americas,1970,57.95,5952160,5000,EC,ECU,218
3101,Ecuador,Americas,1980,63.13,7931056,7000,EC,ECU,218
3111,Ecuador,Americas,1990,68.66,10267100,6855,EC,ECU,218
3121,Ecuador,Americas,2000,73.43,12517468,6436,EC,ECU,218
3131,Ecuador,Americas,2010,75.09,15011117,6429,EC,ECU,218
3141,Ecuador,Americas,2020,77.23,17643054,4850,EC,ECU,218
3151,Ecuador,Americas,2030,79.39,19818797,6350,EC,ECU,218
3154,Egypt,Africa,1950,40.87,22161777,1403,EG,EGY,818
3164,Egypt,Africa,1960,45.97,26907882,1600,EG,EGY,818
3174,Egypt,Africa,1970,50.4,33556925,1940,EG,EGY,818
3184,Egypt,Africa,1980,54.93,42922632,3216,EG,EGY,818
3194,Egypt,Africa,1990,62.12,56760944,3831,EG,EGY,818
3204,Egypt,Africa,2000,68.77,70441252,4522,EG,EGY,818
3214,Egypt,Africa,2010,70.35,82761235,4938,EG,EGY,818
3224,Egypt,Africa,2020,72.16,102334404,2900,EG,EGY,818
3234,Egypt,Africa,2030,73.85,120831557,4130,EG,EGY,818
3237,El Salvador,Americas,1950,43.94,1981333,2899,SV,SLV,222
3247,El Salvador,Americas,1960,50.81,2590934,3635,SV,SLV,222
3257,El Salvador,Americas,1970,57.27,3567713,4456,SV,SLV,222
3267,El Salvador,Americas,1980,56.64,4397958,4515,SV,SLV,222
3277,El Salvador,Americas,1990,65.34,5101667,4323,SV,SLV,222
3287,El Salvador,Americas,2000,70.25,6125584,5273,SV,SLV,222
3297,El Salvador,Americas,2010,71.21,6183875,5189,SV,SLV,222
3307,El Salvador,Americas,2020,73.54,6486205,3350,SV,SLV,222
3317,El Salvador,Americas,2030,75.78,6778586,5200,SV,SLV,222
3320,Equatorial Guinea,Africa,1950,33.88,155432,355,GQ,GNQ,226
3330,Equatorial Guinea,Africa,1960,36.88,242701,520,GQ,GNQ,226
3340,Equatorial Guinea,Africa,1970,39.9,270507,770,GQ,GNQ,226
3350,Equatorial Guinea,Africa,1980,43.01,248360,940,GQ,GNQ,226
3360,Equatorial Guinea,Africa,1990,46.79,369200,1066,GQ,GNQ,226
3370,Equatorial Guinea,Africa,2000,48.91,473365,5748,GQ,GNQ,226
3380,Equatorial Guinea,Africa,2010,55.62,943639,11425,GQ,GNQ,226
3390,Equatorial Guinea,Africa,2020,59.08,1402985,7900,GQ,GNQ,226
3400,Equatorial Guinea,Africa,2030,62.49,1873549,11900,GQ,GNQ,226
3403,Eritrea,Africa,1950,35.08,1377228,323,ER,ERI,232
3413,Eritrea,Africa,1960,39.31,1617015,366,ER,ERI,232
3423,Eritrea,Africa,1970,43.36,2084240,496,ER,ERI,232
3433,Eritrea,Africa,1980,44.15,2587435,517,ER,ERI,232
3443,Eritrea,Africa,1990,48.58,3367448,558,ER,ERI,232
3453,Eritrea,Africa,2000,54.5,4272247,825,ER,ERI,232
3463,Eritrea,Africa,2010,62.19,3170435,567,ER,ERI,232
3473,Eritrea,Africa,2020,66.75,3546421,350,ER,ERI,232
3483,Eritrea,Africa,2030,70.78,4240213,429,ER,ERI,232
3486,Ethiopia,Africa,1950,33.04,20799409,355,ET,ETH,231
3496,Ethiopia,Africa,1960,38.7,24213469,403,ET,ETH,231
3506,Ethiopia,Africa,1970,42.96,29606342,546,ET,ETH,231
3516,Ethiopia,Africa,1980,44.75,36714173,569,ET,ETH,231
3526,Ethiopia,Africa,1990,47.53,48452947,482,ET,ETH,231
3536,Ethiopia,Africa,2000,50.2,64712599,524,ET,ETH,231
3546,Ethiopia,Africa,2010,61.63,87639964,669,ET,ETH,231
3556,Ethiopia,Africa,2020,66.98,114963588,500,ET,ETH,231
3566,Ethiopia,Africa,2030,70.66,144944299,1210,ET,ETH,231
3569,Finland,Europe,1950,66.17,4028968,5976,FI,FIN,246
3579,Finland,Europe,1960,68.25,4424466,8641,FI,FIN,246
3589,Finland,Europe,1970,70.45,4626092,12984,FI,FIN,246
3599,Finland,Europe,1980,73.74,4791721,17362,FI,FIN,246
3609,Finland,Europe,1990,75.35,4997315,20845,FI,FIN,246
3619,Finland,Europe,2000,77.87,5169586,26412,FI,FIN,246
3629,Finland,Europe,2010,79.87,5365782,37216,FI,FIN,246
3639,Finland,Europe,2020,81.94,5540720,45100,FI,FIN,246
3649,Finland,Europe,2030,82.96,5580537,54700,FI,FIN,246
3652,France,Europe,1950,66.8,42398135,6377,FR,FRA,250
3662,France,Europe,1960,69.88,45998745,9801,FR,FRA,250
3672,France,Europe,1970,72.05,50866800,14864,FR,FRA,250
3682,France,Europe,1980,74.47,53926147,19493,FR,FRA,250
3692,France,Europe,1990,77.01,56676547,23649,FR,FRA,250
3702,France,Europe,2000,79.21,59404392,27712,FR,FRA,250
3712,France,Europe,2010,81.66,62879530,33932,FR,FRA,250
3722,France,Europe,2020,83.02,65273511,41800,FR,FRA,250
3732,France,Europe,2030,84.51,66695702,49800,FR,FRA,250
3735,Gabon,Africa,1950,36.2,359170,4020,GA,GAB,266
3745,Gabon,Africa,1960,39.89,447358,5969,GA,GAB,266
3755,Gabon,Africa,1970,47.05,518388,10185,GA,GAB,266
3765,Gabon,Africa,1980,55.05,734871,17766,GA,GAB,266
3775,Gabon,Africa,1990,60.9,943602,12859,GA,GAB,266
3785,Gabon,Africa,2000,58.24,1230058,13402,GA,GAB,266
3795,Gabon,Africa,2010,61.4,1624140,12187,GA,GAB,266
3805,Gabon,Africa,2020,66.88,2225734,8900,GA,GAB,266
3815,Gabon,Africa,2030,70.36,2744451,10000,GA,GAB,266
3818,Gambia,Africa,1950,29.17,222788,471,GM,GMB,270
3828,Gambia,Africa,1960,33.16,353672,568,GM,GMB,270
3838,Gambia,Africa,1970,37.33,486098,748,GM,GMB,270
3848,Gambia,Africa,1980,44.08,672623,855,GM,GMB,270
3858,Gambia,Africa,1990,51.29,954593,644,GM,GMB,270
3868,Gambia,Africa,2000,57.17,1368966,658,GM,GMB,270
3878,Gambia,Africa,2010,59.64,1793196,767,GM,GMB,270
3888,Gambia,Africa,2020,62.33,2416668,700,GM,GMB,270
3898,Gambia,Africa,2030,65.28,3170685,1005,GM,GMB,270
3901,Germany,Europe,1950,66.86,69084420,5927,DE,DEU,276
3911,Germany,Europe,1960,69.82,72651098,11817,DE,DEU,276
3921,Germany,Europe,1970,70.92,77777634,16708,DE,DEU,276
3931,Germany,Europe,1980,73.28,78265469,21424,DE,DEU,276
3941,Germany,Europe,1990,75.58,79445978,25759,DE,DEU,276
3951,Germany,Europe,2000,78.14,82214832,29137,DE,DEU,276
3961,Germany,Europe,2010,79.99,80827002,36035,DE,DEU,276
3971,Germany,Europe,2020,80.69,83783942,46500,DE,DEU,276
3981,Germany,Europe,2030,79.69,83135644,55300,DE,DEU,276
3984,Ghana,Africa,1950,42.5,5519469,858,GH,GHA,288
3994,Ghana,Africa,1960,45.78,6969664,1131,GH,GHA,288
4004,Ghana,Africa,1970,49.15,9008557,1157,GH,GHA,288
4014,Ghana,Africa,1980,52.95,11055440,923,GH,GHA,288
4024,Ghana,Africa,1990,56.79,15434483,894,GH,GHA,288
4034,Ghana,Africa,2000,58.49,19697766,1069,GH,GHA,288
4044,Ghana,Africa,2010,61.03,24779619,1467,GH,GHA,288
4054,Ghana,Africa,2020,64.41,31072940,1700,GH,GHA,288
4064,Ghana,Africa,2030,67.58,37833419,3150,GH,GHA,288
4067,Greece,Europe,1950,65.06,7671718,2976,GR,GRC,300
4077,Greece,Europe,1960,68.85,8307427,5577,GR,GRC,300
4087,Greece,Europe,1970,71.8,8819753,11040,GR,GRC,300
4097,Greece,Europe,1980,74.62,9595280,14839,GR,GRC,300
4107,Greece,Europe,1990,76.89,10185053,16973,GR,GRC,300
4117,Greece,Europe,2000,78.1,10563267,21008,GR,GRC,300
4127,Greece,Europe,2010,80.39,10887637,26660,GR,GRC,300
4137,Greece,Europe,2020,82.79,10423054,22500,GR,GRC,300
4147,Greece,Europe,2030,87.79,9917250,29500,GR,GRC,300
4150,Guatemala,Americas,1950,41.18,3084849,2353,GT,GTM,320
4160,Guatemala,Americas,1960,45.83,3981665,2697,GT,GTM,320
4170,Guatemala,Americas,1970,52.25,4966058,3716,GT,GTM,320
4180,Guatemala,Americas,1980,57.29,6118750,4844,GT,GTM,320
4190,Guatemala,Americas,1990,62.34,8022732,4362,GT,GTM,320
4200,Guatemala,Americas,2000,67.92,10628740,4789,GT,GTM,320
4210,Guatemala,Americas,2010,71.48,14630417,4743,GT,GTM,320
4220,Guatemala,Americas,2020,74.57,17915568,3340,GT,GTM,320
4230,Guatemala,Americas,2030,77.1,21212561,4210,GT,GTM,320
4233,Guinea,Africa,1950,33.23,2602717,484,GN,GIN,324
4243,Guinea,Africa,1960,35.28,3034692,642,GN,GIN,324
4253,Guinea,Africa,1970,38.18,3667399,729,GN,GIN,324
4263,Guinea,Africa,1980,42.04,4517109,864,GN,GIN,324
4273,Guinea,Africa,1990,47.37,6454449,799,GN,GIN,324
4283,Guinea,Africa,2000,52.79,8504224,915,GN,GIN,324
4293,Guinea,Africa,2010,56.86,10192176,937,GN,GIN,324
4303,Guinea,Africa,2020,62.14,13132795,800,GN,GIN,324
4313,Guinea,Africa,2030,66.93,17020915,1590,GN,GIN,324
4316,Guinea-Bissau,Africa,1950,32.1,519121,247,GW,GNB,624
4326,Guinea-Bissau,Africa,1960,34.09,617130,486,GW,GNB,624
4336,Guinea-Bissau,Africa,1970,36.09,615731,778,GW,GNB,624
4346,Guinea-Bissau,Africa,1980,38.58,793683,809,GW,GNB,624
4356,Guinea-Bissau,Africa,1990,42.46,1001572,742,GW,GNB,624
4366,Guinea-Bissau,Africa,2000,45.25,1276959,664,GW,GNB,624
4376,Guinea-Bissau,Africa,2010,54.63,1522599,593,GW,GNB,624
4386,Guinea-Bissau,Africa,2020,58.66,1968001,585,GW,GNB,624
4396,Guinea-Bissau,Africa,2030,61.96,2461208,810,GW,GNB,624
4399,Haiti,Americas,1950,36.33,3139956,1886,HT,HTI,332
4409,Haiti,Americas,1960,42.43,3731158,1769,HT,HTI,332
4419,Haiti,Americas,1970,47.32,4546235,1573,HT,HTI,332
4429,Haiti,Americas,1980,50.85,5082461,1956,HT,HTI,332
4439,Haiti,Americas,1990,54.51,6098490,1603,HT,HTI,332
4449,Haiti,Americas,2000,57.55,7330009,1299,HT,HTI,332
4459,Haiti,Americas,2010,60.51,9949322,1080,HT,HTI,332
4469,Haiti,Americas,2020,64.4,11402528,695,HT,HTI,332
4479,Haiti,Americas,2030,68.1,12733238,779,HT,HTI,332
4482,Honduras,Americas,1950,40.81,1455921,2185,HN,HND,340
4492,Honduras,Americas,1960,46.69,1962253,2263,HN,HND,340
4502,Honduras,Americas,1970,52.7,2779363,2533,HN,HND,340
4512,Honduras,Americas,1980,59.51,3423763,3154,HN,HND,340
4522,Honduras,Americas,1990,65.64,4795289,3058,HN,HND,340
4532,Honduras,Americas,2000,68.2,6353580,3124,HN,HND,340
4542,Honduras,Americas,2010,73.32,8317470,3222,HN,HND,340
4552,Honduras,Americas,2020,75.47,9904607,2080,HN,HND,340
4562,Honduras,Americas,2030,77.37,11449249,2730,HN,HND,340
4565,"Hong Kong, China",Asia,1950,59.44,2064368,2825,HK,HKG,344
4575,"Hong Kong, China",Asia,1960,66.49,3077640,4267,HK,HKG,344
4585,"Hong Kong, China",Asia,1970,71.2,3958540,7469,HK,HKG,344
4595,"Hong Kong, China",Asia,1980,74.71,4992180,13211,HK,HKG,344
4605,"Hong Kong, China",Asia,1990,77.04,5731622,22870,HK,HKG,344
4615,"Hong Kong, China",Asia,2000,80.9,6655853,29476,HK,HKG,344
4625,"Hong Kong, China",Asia,2010,82.98,6966331,39283,HK,HKG,344
4635,"Hong Kong, China",Asia,2020,85.44,7496981,36060,HK,HKG,344
4645,"Hong Kong, China",Asia,2030,87.98,8018670,49179,HK,HKG,344
4648,Hungary,Europe,1950,63.08,9442468,4953,HU,HUN,348
4658,Hungary,Europe,1960,67.34,9973400,6946,HU,HUN,348
4668,Hungary,Europe,1970,69.66,10325823,9832,HU,HUN,348
4678,Hungary,Europe,1980,69.61,10678189,12198,HU,HUN,348
4688,Hungary,Europe,1990,69.33,10454306,11516,HU,HUN,348
4698,Hungary,Europe,2000,71.97,10147861,13591,HU,HUN,348
4708,Hungary,Europe,2010,74.21,9927370,17873,HU,HUN,348
4718,Hungary,Europe,2020,76.56,9660351,16200,HU,HUN,348
4728,Hungary,Europe,2030,79.05,9338446,28800,HU,HUN,348
4731,Iceland,Europe,1950,72.1,86430,6477,IS,ISL,352
4741,Iceland,Europe,1960,73.6,175276,9908,IS,ISL,352
4751,Iceland,Europe,1970,74.17,205035,14807,IS,ISL,352
4761,Iceland,Europe,1980,76.64,229127,21824,IS,ISL,352
4771,Iceland,Europe,1990,78.15,253278,25856,IS,ISL,352
4781,Iceland,Europe,2000,79.88,281295,29922,IS,ISL,352
4791,Iceland,Europe,2010,81.9,320328,39969,IS,ISL,352
4801,Iceland,Europe,2020,83.26,341243,49000,IS,ISL,352
4811,Iceland,Europe,2030,85.26,359711,60000,IS,ISL,352
4814,India,Asia,1950,36.22,371938468,529,IN,IND,356
4824,India,Asia,1960,42.26,436000000,631,IN,IND,356
4834,India,Asia,1970,49.27,542600000,715,IN,IND,356
4844,India,Asia,1980,55.64,678400000,839,IN,IND,356
4854,India,Asia,1990,59.56,838400000,1089,IN,IND,356
4864,India,Asia,2000,62.43,1004103528,1632,IN,IND,356
4874,India,Asia,2010,66.69,1234281170,2381,IN,IND,356
4884,India,Asia,2020,69.92,1380004385,1900,IN,IND,356
4894,India,Asia,2030,72.43,1503642322,4080,IN,IND,356
4897,Indonesia,Asia,1950,36.49,81990468,706,ID,IDN,360
4907,Indonesia,Asia,1960,41.48,95466400,853,ID,IDN,360
4917,Indonesia,Asia,1970,47.91,116506400,972,ID,IDN,360
4927,Indonesia,Asia,1980,54.78,146695800,1463,ID,IDN,360
4937,Indonesia,Asia,1990,61.66,178600000,2129,ID,IDN,360
4947,Indonesia,Asia,2000,67.57,206347200,2972,ID,IDN,360
4957,Indonesia,Asia,2010,69.21,241834215,3768,ID,IDN,360
4967,Indonesia,Asia,2020,71.96,273523615,4200,ID,IDN,360
4977,Indonesia,Asia,2030,74.23,299198430,6700,ID,IDN,360
4980,Iran,Asia,1950,43.94,17210468,2933,IR,IRN,364
4990,Iran,Asia,1960,48.47,21641200,3829,IR,IRN,364
5000,Iran,Asia,1970,54.13,28983600,8131,IR,IRN,364
5010,Iran,Asia,1980,58.85,40035922,9320,IR,IRN,364
5020,Iran,Asia,1990,64.66,56994662,6999,IR,IRN,364
5030,Iran,Asia,2000,68.89,65475890,8850,IR,IRN,364
5040,Iran,Asia,2010,73.91,73762519,10441,IR,IRN,364
5050,Iran,Asia,2020,76.9,83992949,6500,IR,IRN,364
5060,Iran,Asia,2030,78.98,92663708,10300,IR,IRN,364
5063,Iraq,Asia,1950,44.07,5380234,3290,IQ,IRQ,368
5073,Iraq,Asia,1960,50.25,6843613,7497,IQ,IRQ,368
5083,Iraq,Asia,1970,55.95,9444616,9318,IQ,IRQ,368
5093,Iraq,Asia,1980,61.39,13257157,14586,IQ,IRQ,368
5103,Iraq,Asia,1990,61.69,17334419,6905,IQ,IRQ,368
5113,Iraq,Asia,2000,57.75,22711371,3865,IQ,IRQ,368
5123,Iraq,Asia,2010,68.57,29741976,4751,IQ,IRQ,368
5133,Iraq,Asia,2020,70.77,40222493,5350,IQ,IRQ,368
5143,Iraq,Asia,2030,72.37,50193756,9100,IQ,IRQ,368
5146,Ireland,Europe,1950,66.11,2890624,5055,IE,IRL,372
5156,Ireland,Europe,1960,69.73,2849288,6219,IE,IRL,372
5166,Ireland,Europe,1970,71.2,2974680,8781,IE,IRL,372
5176,Ireland,Europe,1980,72.67,3396760,12031,IE,IRL,372
5186,Ireland,Europe,1990,75.02,3550617,16084,IE,IRL,372
5196,Ireland,Europe,2000,77.12,3794386,30255,IE,IRL,372
5206,Ireland,Europe,2010,80.74,4554321,50433,IE,IRL,372
5216,Ireland,Europe,2020,82.46,4937786,77000,IE,IRL,372
5226,Ireland,Europe,2030,83.46,5248041,92000,IE,IRL,372
5229,Israel,Asia,1950,64.41,1559382,3567,IL,ISR,376
5239,Israel,Asia,1960,68.77,2164303,6417,IL,ISR,376
5249,Israel,Asia,1970,71.28,2934970,11030,IL,ISR,376
5259,Israel,Asia,1980,73.89,3713420,14543,IL,ISR,376
5269,Israel,Asia,1990,76.4,4643189,17680,IL,ISR,376
5279,Israel,Asia,2000,79.13,5830272,21502,IL,ISR,376
5289,Israel,Asia,2010,81.6,7346446,27966,IL,ISR,376
5299,Israel,Asia,2020,83.3,8655535,33042,IL,ISR,376
5309,Israel,Asia,2030,85.82,9979698,48414,IL,ISR,376
5312,Italy,Europe,1950,65.19,47604468,4405,IT,ITA,380
5322,Italy,Europe,1960,68.67,50178720,7446,IT,ITA,380
5332,Italy,Europe,1970,71.74,53686178,11371,IT,ITA,380
5342,Italy,Europe,1980,74.38,56345080,15625,IT,ITA,380
5352,Italy,Europe,1990,77.03,56796389,20891,IT,ITA,380
5362,Italy,Europe,2000,79.67,57747987,26651,IT,ITA,380
5372,Italy,Europe,2010,82.04,59325229,30331,IT,ITA,380
5382,Italy,Europe,2020,84.15,60461826,33800,IT,ITA,380
5392,Italy,Europe,2030,88.15,59031475,40000,IT,ITA,380
5395,Jamaica,Americas,1950,56.9,1364563,2155,JM,JAM,388
5405,Jamaica,Americas,1960,64.41,1613113,5050,JM,JAM,388
5415,Jamaica,Americas,1970,68.4,1943008,6910,JM,JAM,388
5425,Jamaica,Americas,1980,70.77,2241711,6301,JM,JAM,388
5435,Jamaica,Americas,1990,71.77,2357813,6983,JM,JAM,388
5445,Jamaica,Americas,2000,72.13,2611320,7046,JM,JAM,388
5455,Jamaica,Americas,2010,74.04,2810460,6707,JM,JAM,388
5465,Jamaica,Americas,2020,74.57,2961167,4500,JM,JAM,388
5475,Jamaica,Americas,2030,75.58,3047974,6000,JM,JAM,388
5478,Japan,Asia,1950,62.04,86397493,2777,JM,JAM,388
5488,Japan,Asia,1960,67.44,94124258,5673,JM,JAM,388
5498,Japan,Asia,1970,72.62,104643075,12806,JM,JAM,388
5508,Japan,Asia,1980,76.42,116621974,18275,JM,JAM,388
5518,Japan,Asia,1990,79.08,123434091,25045,JM,JAM,388
5528,Japan,Asia,2000,81.48,126622104,28689,JM,JAM,388
5538,Japan,Asia,2010,82.84,128542353,36039,JM,JAM,388
5548,Japan,Asia,2020,84.43,126476461,47200,JM,JAM,388
5558,Japan,Asia,2030,85.55,120758057,56300,JM,JAM,388
5561,Jordan,Asia,1950,42.15,546382,1411,JO,JOR,400
5571,Jordan,Asia,1960,47.14,858759,2163,JO,JOR,400
5581,Jordan,Asia,1970,54.57,1470154,2363,JO,JOR,400
5591,Jordan,Asia,1980,62.7,2183279,3638,JO,JOR,400
5601,Jordan,Asia,1990,67.16,3448462,3838,JO,JOR,400
5611,Jordan,Asia,2000,70.67,4994976,3765,JO,JOR,400
5621,Jordan,Asia,2010,73.43,7261539,4211,JO,JOR,400
5631,Jordan,Asia,2020,74.63,10203134,3000,JO,JOR,400
5641,Jordan,Asia,2030,75.76,10655181,4450,JO,JOR,400
5644,Kenya,Africa,1950,41.3,6067753,817,KE,KEN,404
5654,Kenya,Africa,1960,46.64,8189046,916,KE,KEN,404
5664,Kenya,Africa,1970,52.4,11303476,1156,KE,KEN,404
5674,Kenya,Africa,1980,57.72,16397033,1316,KE,KEN,404
5684,Kenya,Africa,1990,59.31,23491556,1350,KE,KEN,404
5694,Kenya,Africa,2000,52.36,30137636,1317,KE,KEN,404
5704,Kenya,Africa,2010,60.96,42030676,1407,KE,KEN,404
5714,Kenya,Africa,2020,67.21,53771296,1090,KE,KEN,404
5724,Kenya,Africa,2030,71.54,66449654,2310,KE,KEN,404
5727,"Korea, Dem. Rep.",Asia,1950,48.45,8469195,895,KP,PRK,408
5737,"Korea, Dem. Rep.",Asia,1960,55.63,10315049,1601,KP,PRK,408
5747,"Korea, Dem. Rep.",Asia,1970,62.37,13915548,3078,KP,PRK,408
5757,"Korea, Dem. Rep.",Asia,1980,68.32,17118639,4106,KP,PRK,408
5767,"Korea, Dem. Rep.",Asia,1990,70.25,20053847,3878,KP,PRK,408
5777,"Korea, Dem. Rep.",Asia,2000,67.09,21963261,1664,KP,PRK,408
5787,"Korea, Dem. Rep.",Asia,2010,69.57,24550443,1603,KP,PRK,408
5797,"Korea, Dem. Rep.",Asia,2020,72.47,25990112,1723,KP,PRK,408
5807,"Korea, Dem. Rep.",Asia,2030,74.32,27988434,2160,KP,PRK,408
5810,"Korea, Rep.",Asia,1950,45.36,20551278,848,KR,KOR,410
5820,"Korea, Rep.",Asia,1960,54.25,24896805,1517,KR,KOR,410
5830,"Korea, Rep.",Asia,1970,60.65,32155400,2630,KR,KOR,410
5840,"Korea, Rep.",Asia,1980,66.18,38170000,5237,KR,KOR,410
5850,"Korea, Rep.",Asia,1990,71.27,42932070,10676,KR,KOR,410
5860,"Korea, Rep.",Asia,2000,76.09,47251016,17938,KR,KOR,410
5870,"Korea, Rep.",Asia,2010,80.12,49552332,24663,KR,KOR,410
5880,"Korea, Rep.",Asia,2020,82.63,52338331,26900,KR,KOR,410
5890,"Korea, Rep.",Asia,2030,82.63,53482991,32755,KR,KOR,410
5893,Kuwait,Asia,1950,54.58,138862,106326,KW,KWT,414
5903,Kuwait,Asia,1960,59.5,300098,102684,KW,KWT,414
5913,Kuwait,Asia,1970,66.48,735162,97967,KW,KWT,414
5923,Kuwait,Asia,1980,70.52,1354639,42519,KW,KWT,414
5933,Kuwait,Asia,1990,74.78,1607452,32207,KW,KWT,414
5943,Kuwait,Asia,2000,76.6,1973075,37186,KW,KWT,414
5953,Kuwait,Asia,2010,74.36,2991884,43655,KW,KWT,414
5963,Kuwait,Asia,2020,75.57,4270571,30000,KW,KWT,414
5973,Kuwait,Asia,2030,76.44,4747081,41000,KW,KWT,414
5976,Lebanon,Asia,1950,54.5,1043236,4333,LB,LBN,422
5986,Lebanon,Asia,1960,61.05,1791074,5865,LB,LBN,422
5996,Lebanon,Asia,1970,64.8,2482768,6895,LB,LBN,422
6006,Lebanon,Asia,1980,66.63,3098440,8048,LB,LBN,422
6016,Lebanon,Asia,1990,68.75,3167738,6285,LB,LBN,422
6026,Lebanon,Asia,2000,70.72,3578823,9090,LB,LBN,422
6036,Lebanon,Asia,2010,78.36,4953061,9310,LB,LBN,422
6046,Lebanon,Asia,2020,78.96,6825445,5720,LB,LBN,422
6056,Lebanon,Asia,2030,79.38,6194844,6712,LB,LBN,422
6059,Lesotho,Africa,1950,40.97,352454,284,LS,LSO,426
6069,Lesotho,Africa,1960,46.67,861221,381,LS,LSO,426
6079,Lesotho,Africa,1970,49.26,1068619,497,LS,LSO,426
6089,Lesotho,Africa,1980,53.93,1347694,777,LS,LSO,426
6099,Lesotho,Africa,1990,58.68,1721597,896,LS,LSO,426
6109,Lesotho,Africa,2000,48.98,2021192,1240,LS,LSO,426
6119,Lesotho,Africa,2010,45.1,1995581,1523,LS,LSO,426
6129,Lesotho,Africa,2020,55.22,2142249,1300,LS,LSO,426
6139,Lesotho,Africa,2030,62.8,2325164,2270,LS,LSO,426
6142,Liberia,Africa,1950,38.08,467015,557,LR,LBR,430
6152,Liberia,Africa,1960,40.1,1058058,629,LR,LBR,430
6162,Liberia,Africa,1970,42.18,1401339,767,LR,LBR,430
6172,Liberia,Africa,1980,44.42,1855572,599,LR,LBR,430
6182,Liberia,Africa,1990,42.89,2055550,584,LR,LBR,430
6192,Liberia,Africa,2000,43.14,2569081,563,LR,LBR,430
6202,Liberia,Africa,2010,59.6,3891356,440,LR,LBR,430
6212,Liberia,Africa,2020,64.6,5057681,475,LR,LBR,430
6222,Liberia,Africa,2030,68.95,6371553,1525,LR,LBR,430
6225,Libya,Africa,1950,41.7,623436,1963,LY,LBY,434
6235,Libya,Africa,1960,46.8,1345749,5434,LY,LBY,434
6245,Libya,Africa,1970,51.75,2014016,20116,LY,LBY,434
6255,Libya,Africa,1980,60.27,3095158,19199,LY,LBY,434
6265,Libya,Africa,1990,67.75,4138639,10492,LY,LBY,434
6275,Libya,Africa,2000,72.26,5125019,9508,LY,LBY,434
6285,Libya,Africa,2010,72.04,6197663,11074,LY,LBY,434
6295,Libya,Africa,2020,73.13,6871292,6400,LY,LBY,434
6305,Libya,Africa,2030,75.17,7606415,8550,LY,LBY,434
6308,Madagascar,Africa,1950,35.81,4366619,1385,MG,MDG,450
6318,Madagascar,Africa,1960,40.05,5494666,1622,MG,MDG,450
6328,Madagascar,Africa,1970,44.06,6783280,1703,MG,MDG,450
6338,Madagascar,Africa,1980,48.13,8705753,1399,MG,MDG,450
6348,Madagascar,Africa,1990,51.07,11553694,1087,MG,MDG,450
6358,Madagascar,Africa,2000,56.36,15550132,931,MG,MDG,450
6368,Madagascar,Africa,2010,63.39,21151640,909,MG,MDG,450
6378,Madagascar,Africa,2020,67.42,27691018,360,MG,MDG,450
6388,Madagascar,Africa,2030,71.12,35622321,645,MG,MDG,450
6391,Malawi,Africa,1950,35.88,2521509,350,MW,MWI,454
6401,Malawi,Africa,1960,37.93,3465660,423,MW,MWI,454
6411,Malawi,Africa,1970,40.85,4497499,549,MW,MWI,454
6421,Malawi,Africa,1980,44.89,6156593,645,MW,MWI,454
6431,Malawi,Africa,1990,48.63,9138448,592,MW,MWI,454
6441,Malawi,Africa,2000,46.0,11262693,676,MW,MWI,454
6451,Malawi,Africa,2010,55.56,14539612,700,MW,MWI,454
6461,Malawi,Africa,2020,64.84,19129952,480,MW,MWI,454
6471,Malawi,Africa,2030,70.03,24849440,694,MW,MWI,454
6474,Malaysia,Asia,1950,47.01,6352085,1840,MY,MYS,458
6484,Malaysia,Asia,1960,54.28,8439525,1946,MY,MYS,458
6494,Malaysia,Asia,1970,61.55,10926828,2621,MY,MYS,458
6504,Malaysia,Asia,1980,66.9,13803302,4483,MY,MYS,458
6514,Malaysia,Asia,1990,70.22,17524415,6467,MY,MYS,458
6524,Malaysia,Asia,2000,72.6,21787855,10177,MY,MYS,458
6534,Malaysia,Asia,2010,74.49,28208035,12458,MY,MYS,458
6544,Malaysia,Asia,2020,76.34,32365999,12150,MY,MYS,458
6554,Malaysia,Asia,2030,78.03,36095054,16100,MY,MYS,458
6557,Mali,Africa,1950,33.04,3441875,437,ML,MLI,466
6567,Mali,Africa,1960,36.28,4510977,494,ML,MLI,466
6577,Mali,Africa,1970,39.38,5581861,567,ML,MLI,466
6587,Mali,Africa,1980,43.04,6795613,645,ML,MLI,466
6597,Mali,Africa,1990,47.58,8103332,717,ML,MLI,466
6607,Mali,Africa,2000,51.05,10102099,887,ML,MLI,466
6617,Mali,Africa,2010,55.25,15049353,980,ML,MLI,466
6627,Mali,Africa,2020,59.78,20250833,700,ML,MLI,466
6637,Mali,Africa,2030,64.19,26957396,1615,ML,MLI,466
6640,Mauritania,Africa,1950,39.83,626263,702,MR,MRT,478
6650,Mauritania,Africa,1960,43.48,1118795,972,MR,MRT,478
6660,Mauritania,Africa,1970,47.58,1291888,1521,MR,MRT,478
6670,Mauritania,Africa,1980,52.5,1555957,1488,MR,MRT,478
6680,Mauritania,Africa,1990,57.46,2008175,1385,MR,MRT,478
6690,Mauritania,Africa,2000,61.52,2675211,1541,MR,MRT,478
6700,Mauritania,Africa,2010,62.53,3494195,1791,MR,MRT,478
6710,Mauritania,Africa,2020,65.18,5967168,1630,MR,MRT,478
6720,Mauritania,Africa,2030,67.58,4649658,1930,MR,MRT,478
6723,Mauritius,Africa,1950,48.14,120263,1942,MU,MUS,480
6733,Mauritius,Africa,1960,59.38,664536,2331,MU,MUS,480
6743,Mauritius,Africa,1970,62.39,826524,2535,MU,MUS,480
6753,Mauritius,Africa,1980,66.0,960434,3697,MU,MUS,480
6763,Mauritius,Africa,1990,69.34,1074786,5548,MU,MUS,480
6773,Mauritius,Africa,2000,71.47,1180051,8383,MU,MUS,480
6783,Mauritius,Africa,2010,72.97,1247955,10955,MU,MUS,480
6793,Mauritius,Africa,2020,74.22,1271768,8900,MU,MUS,480
6803,Mauritius,Africa,2030,73.24,1274041,21200,MU,MUS,480
6806,Mexico,Americas,1950,49.03,29748024,3217,MX,MEX,484
6816,Mexico,Americas,1960,57.06,38679110,4402,MX,MEX,484
6826,Mexico,Americas,1970,61.46,52788800,6388,MX,MEX,484
6836,Mexico,Americas,1980,66.46,68488533,8837,MX,MEX,484
6846,Mexico,Americas,1990,70.67,84915615,9159,MX,MEX,484
6856,Mexico,Americas,2000,74.41,99846015,10352,MX,MEX,484
6866,Mexico,Americas,2010,75.07,114092963,11552,MX,MEX,484
6876,Mexico,Americas,2020,75.08,128932753,9800,MX,MEX,484
6886,Mexico,Americas,2030,75.53,140875762,11970,MX,MEX,484
6889,Mongolia,Asia,1950,41.04,404370,736,MN,MNG,496
6899,Mongolia,Asia,1960,47.05,959022,999,MN,MNG,496
6909,Mongolia,Asia,1970,52.75,1252100,1343,MN,MNG,496
6919,Mongolia,Asia,1980,56.69,1664819,1859,MN,MNG,496
6929,Mongolia,Asia,1990,60.85,2193734,2006,MN,MNG,496
6939,Mongolia,Asia,2000,64.47,2602462,2045,MN,MNG,496
6949,Mongolia,Asia,2010,67.38,2719896,3409,MN,MNG,496
6959,Mongolia,Asia,2020,70.05,3278290,4584,MN,MNG,496
6969,Mongolia,Asia,2030,71.85,3716210,6514,MN,MNG,496
6972,Montenegro,Europe,1950,58.25,17541,2234,ME,MNE,499
6982,Montenegro,Europe,1960,62.82,461848,4263,ME,MNE,499
6992,Montenegro,Europe,1970,69.25,517021,7030,ME,MNE,499
7002,Montenegro,Europe,1980,73.69,561558,10572,ME,MNE,499
7012,Montenegro,Europe,1990,75.21,600762,8895,ME,MNE,499
7022,Montenegro,Europe,2000,74.57,709198,6521,ME,MNE,499
7032,Montenegro,Europe,2010,75.15,624275,9077,ME,MNE,499
7042,Montenegro,Europe,2020,76.98,628066,7500,ME,MNE,499
7052,Montenegro,Europe,2030,78.01,624059,10700,ME,MNE,499
7055,Morocco,Africa,1950,41.85,9542924,1707,MA,MAR,504
7065,Morocco,Africa,1960,46.92,12396502,1597,MA,MAR,504
7075,Morocco,Africa,1970,51.85,15904520,1843,MA,MAR,504
7085,Morocco,Africa,1980,58.08,19478014,2570,MA,MAR,504
7095,Morocco,Africa,1990,64.31,24673902,2871,MA,MAR,504
7105,Morocco,Africa,2000,68.83,30112470,3148,MA,MAR,504
7115,Morocco,Africa,2010,74.38,32343389,3714,MA,MAR,504
7125,Morocco,Africa,2020,76.92,36910560,3150,MA,MAR,504
7135,Morocco,Africa,2030,79.27,40887295,4230,MA,MAR,504
7138,Mozambique,Africa,1950,30.29,6050023,458,MZ,MOZ,508
7148,Mozambique,Africa,1960,35.21,7488580,532,MZ,MOZ,508
7158,Mozambique,Africa,1970,39.44,9358121,662,MZ,MOZ,508
7168,Mozambique,Africa,1980,42.68,12003481,478,MZ,MOZ,508
7178,Mozambique,Africa,1990,43.71,13053219,402,MZ,MOZ,508
7188,Mozambique,Africa,2000,44.95,17725602,569,MZ,MOZ,508
7198,Mozambique,Africa,2010,52.31,23531845,765,MZ,MOZ,508
7208,Mozambique,Africa,2020,61.87,31255435,520,MZ,MOZ,508
7218,Mozambique,Africa,2030,70.41,41184834,735,MZ,MOZ,508
7221,Myanmar,Asia,1950,34.08,19696703,323,MM,MMR,104
7231,Myanmar,Asia,1960,43.83,22873399,373,MM,MMR,104
7241,Myanmar,Asia,1970,51.59,27427942,354,MM,MMR,104
7251,Myanmar,Asia,1980,57.26,33419500,403,MM,MMR,104
7261,Myanmar,Asia,1990,58.93,39539354,362,MM,MMR,104
7271,Myanmar,Asia,2000,60.08,44657995,533,MM,MMR,104
7281,Myanmar,Asia,2010,63.53,50600818,1110,MM,MMR,104
7291,Myanmar,Asia,2020,67.49,54409800,1580,MM,MMR,104
7301,Myanmar,Asia,2030,70.58,58478494,2350,MM,MMR,104
7304,Namibia,Africa,1950,40.32,89538,2345,,NAM,516
7314,Namibia,Africa,1960,47.12,592067,2953,,NAM,516
7324,Namibia,Africa,1970,52.78,775725,3765,,NAM,516
7334,Namibia,Africa,1980,57.96,1050216,4065,,NAM,516
7344,Namibia,Africa,1990,61.53,1443825,3760,,NAM,516
7354,Namibia,Africa,2000,54.45,1893198,4003,,NAM,516
7364,Namibia,Africa,2010,56.67,2118874,5050,,NAM,516
7374,Namibia,Africa,2020,64.08,2540905,5200,,NAM,516
7384,Namibia,Africa,2030,67.6,3010871,9750,,NAM,516
7387,Nepal,Asia,1950,35.55,8786243,525,NP,NPL,524
7397,Nepal,Asia,1960,38.71,10072169,631,NP,NPL,524
7407,Nepal,Asia,1970,42.97,11952232,675,NP,NPL,524
7417,Nepal,Asia,1980,48.46,15051068,709,NP,NPL,524
7427,Nepal,Asia,1990,54.45,19362597,849,NP,NPL,524
7437,Nepal,Asia,2000,60.57,24724795,1039,NP,NPL,524
7447,Nepal,Asia,2010,67.61,27013212,1033,NP,NPL,524
7457,Nepal,Asia,2020,71.1,29136808,830,NP,NPL,524
7467,Nepal,Asia,2030,74.19,33389536,1320,NP,NPL,524
7470,Netherlands,Europe,1950,71.79,9985695,8008,NL,NLD,528
7480,Netherlands,Europe,1960,73.13,11493967,12185,NL,NLD,528
7490,Netherlands,Europe,1970,73.78,13036653,17422,NL,NLD,528
7500,Netherlands,Europe,1980,75.73,14127436,21323,NL,NLD,528
7510,Netherlands,Europe,1990,77.18,14970658,25535,NL,NLD,528
7520,Netherlands,Europe,2000,78.33,15915484,32333,NL,NLD,528
7530,Netherlands,Europe,2010,80.7,16682917,41521,NL,NLD,528
7540,Netherlands,Europe,2020,81.91,17134872,52900,NL,NLD,528
7550,Netherlands,Europe,2030,82.43,17450322,65500,NL,NLD,528
7553,New Zealand,Oceania,1950,69.04,1598501,9880,NZ,NZL,554
7563,New Zealand,Oceania,1960,70.85,2384893,12804,NZ,NZL,554
7573,New Zealand,Oceania,1970,71.74,2848720,15413,NZ,NZL,554
7583,New Zealand,Oceania,1980,73.19,3192350,17073,NZ,NZL,554
7593,New Zealand,Oceania,1990,75.53,3389471,18621,NZ,NZL,554
7603,New Zealand,Oceania,2000,78.49,3815297,22334,NZ,NZL,554
7613,New Zealand,Oceania,2010,80.7,4370062,28637,NZ,NZL,554
7623,New Zealand,Oceania,2020,82.26,4822233,37300,NZ,NZL,554
7633,New Zealand,Oceania,2030,84.26,5172962,45200,NZ,NZL,554
7636,Nicaragua,Americas,1950,41.07,769497,2974,NI,NIC,558
7646,Nicaragua,Americas,1960,47.35,1497889,3564,NI,NIC,558
7656,Nicaragua,Americas,1970,53.84,2055941,4671,NI,NIC,558
7666,Nicaragua,Americas,1980,58.57,2809493,4277,NI,NIC,558
7676,Nicaragua,Americas,1990,64.31,3748505,2484,NI,NIC,558
7686,Nicaragua,Americas,2000,69.87,4931938,2386,NI,NIC,558
7696,Nicaragua,Americas,2010,72.43,5824065,2503,NI,NIC,558
7706,Nicaragua,Americas,2020,74.69,6624554,1610,NI,NIC,558
7716,Nicaragua,Americas,2030,76.76,7391881,2690,NI,NIC,558
7719,Niger,Africa,1950,36.98,2983175,732,NE,NER,562
7729,Niger,Africa,1960,39.13,3922478,933,NE,NER,562
7739,Niger,Africa,1970,40.37,4849782,994,NE,NER,562
7749,Niger,Africa,1980,42.1,6135147,869,NE,NER,562
7759,Niger,Africa,1990,46.3,7968746,616,NE,NER,562
7769,Niger,Africa,2000,53.2,10550894,593,NE,NER,562
7779,Niger,Africa,2010,57.3,16464025,604,NE,NER,562
7789,Niger,Africa,2020,62.9,24206644,485,NE,NER,562
7799,Niger,Africa,2030,67.1,34846020,845,NE,NER,562
7802,Nigeria,Africa,1950,35.7,32722803,1068,NG,NGA,566
7812,Nigeria,Africa,1960,38.7,39992147,1131,NG,NGA,566
7822,Nigeria,Africa,1970,42.1,51159152,1425,NG,NGA,566
7832,Nigeria,Africa,1980,45.3,68707295,1739,NG,NGA,566
7842,Nigeria,Africa,1990,47.2,88639154,1526,NG,NGA,566
7852,Nigeria,Africa,2000,47.0,114423900,1619,NG,NGA,566
7862,Nigeria,Africa,2010,50.9,158503197,2107,NG,NGA,566
7872,Nigeria,Africa,2020,55.1,206139589,2250,NG,NGA,566
7882,Nigeria,Africa,2030,58.9,262977337,3650,NG,NGA,566
7885,Norway,Europe,1950,72.4,2931435,9472,NO,NOR,578
7895,Norway,Europe,1960,73.5,3580127,12732,NO,NOR,578
7905,Norway,Europe,1970,74.2,3874210,17924,NO,NOR,578
7915,Norway,Europe,1980,75.7,4086154,25104,NO,NOR,578
7925,Norway,Europe,1990,76.8,4246273,32996,NO,NOR,578
7935,Norway,Europe,2000,78.8,4483623,43324,NO,NOR,578
7945,Norway,Europe,2010,81.0,4885878,60157,NO,NOR,578
7955,Norway,Europe,2020,83.1,5421241,89000,NO,NOR,578
7965,Norway,Europe,2030,84.5,5875913,98600,NO,NOR,578
7968,Oman,Asia,1950,36.6,111540,1662,OM,OMN,512
7978,Oman,Asia,1960,41.9,601689,2652,OM,OMN,512
7988,Oman,Asia,1970,50.1,783340,8259,OM,OMN,512
7998,Oman,Asia,1980,60.6,1182442,12512,OM,OMN,512
8008,Oman,Asia,1990,69.8,1786678,18416,OM,OMN,512
8018,Oman,Asia,2000,73.5,2541531,19746,OM,OMN,512
8028,Oman,Asia,2010,75.7,3041434,20485,OM,OMN,512
8038,Oman,Asia,2020,78.1,5106626,14430,OM,OMN,512
8048,Oman,Asia,2030,80.5,5936081,19430,OM,OMN,512
8051,Pakistan,Asia,1950,42.6,40950267,660,PK,PAK,586
8061,Pakistan,Asia,1960,46.8,50532380,781,PK,PAK,586
8071,Pakistan,Asia,1970,51.1,65852312,1007,PK,PAK,586
8081,Pakistan,Asia,1980,55.3,86138327,1336,PK,PAK,586
8091,Pakistan,Asia,1990,59.8,114113755,1865,PK,PAK,586
8101,Pakistan,Asia,2000,62.9,146268048,2075,PK,PAK,586
8111,Pakistan,Asia,2010,65.3,179424641,2251,PK,PAK,586
8121,Pakistan,Asia,2020,67.5,220892340,1130,PK,PAK,586
8131,Pakistan,Asia,2030,69.1,262958794,1730,PK,PAK,586
8134,Panama,Americas,1950,53.6,543787,2288,PA,PAN,591
8144,Panama,Americas,1960,60.8,1154837,3307,PA,PAN,591
8154,Panama,Americas,1970,65.4,1532025,4987,PA,PAN,591
8164,Panama,Americas,1980,69.8,1957696,6347,PA,PAN,591
8174,Panama,Americas,1990,72.1,2392454,6785,PA,PAN,591
8184,Panama,Americas,2000,74.3,2888337,7259,PA,PAN,591
8194,Panama,Americas,2010,76.8,3642687,10334,PA,PAN,591
8204,Panama,Americas,2020,78.7,4314767,11400,PA,PAN,591
8214,Panama,Americas,2030,80.5,4927612,13600,PA,PAN,591
8217,Paraguay,Americas,1950,62.4,1159583,1915,PY,PRY,600
8227,Paraguay,Americas,1960,63.9,1914249,2107,PY,PRY,600
8237,Paraguay,Americas,1970,65.5,2483656,2434,PY,PRY,600
8247,Paraguay,Americas,1980,66.7,3213661,3854,PY,PRY,600
8257,Paraguay,Americas,1990,67.9,4244972,4117,PY,PRY,600
8267,Paraguay,Americas,2000,70.2,5592344,3969,PY,PRY,600
8277,Paraguay,Americas,2010,72.7,6248020,4457,PY,PRY,600
8287,Paraguay,Americas,2020,74.4,7132538,5150,PY,PRY,600
8297,Paraguay,Americas,2030,75.8,7949971,6020,PY,PRY,600
8300,Peru,Americas,1950,43.0,7629407,3564,PE,PER,604
8310,Peru,Americas,1960,48.0,9968340,4672,PE,PER,604
8320,Peru,Americas,1970,53.9,13225700,5878,PE,PER,604
8330,Peru,Americas,1980,60.2,17271117,6373,PE,PER,604
8340,Peru,Americas,1990,65.5,21536639,5212,PE,PER,604
8350,Peru,Americas,2000,69.3,25960910,5881,PE,PER,604
8360,Peru,Americas,2010,74.4,29027674,7178,PE,PER,604
8370,Peru,Americas,2020,77.0,32971854,6190,PE,PER,604
8380,Peru,Americas,2030,79.3,36030592,7200,PE,PER,604
8383,Philippines,Asia,1950,46.3,22042398,1163,PH,PHL,608
8393,Philippines,Asia,1960,53.4,28624036,1609,PH,PHL,608
8403,Philippines,Asia,1970,57.4,38652725,1919,PH,PHL,608
8413,Philippines,Asia,1980,61.3,50814449,2511,PH,PHL,608
8423,Philippines,Asia,1990,65.5,64318575,2243,PH,PHL,608
8433,Philippines,Asia,2000,69.6,79802248,2605,PH,PHL,608
8443,Philippines,Asia,2010,69.8,93966780,3227,PH,PHL,608
8453,Philippines,Asia,2020,71.4,109581078,3000,PH,PHL,608
8463,Philippines,Asia,2030,72.8,123697925,4420,PH,PHL,608
8466,Poland,Europe,1950,59.5,25334258,3747,PL,POL,616
8476,Poland,Europe,1960,66.9,29491909,5097,PL,POL,616
8486,Poland,Europe,1970,70.4,32537878,7427,PL,POL,616
8496,Poland,Europe,1980,71.1,35584930,8874,PL,POL,616
8506,Poland,Europe,1990,71.0,38118702,8276,PL,POL,616
8516,Poland,Europe,2000,73.9,38637568,11265,PL,POL,616
8526,Poland,Europe,2010,76.3,38329781,15889,PL,POL,616
8536,Poland,Europe,2020,77.3,37846611,15500,PL,POL,616
8546,Poland,Europe,2030,75.8,36944563,24000,PL,POL,616
8549,Portugal,Europe,1950,59.1,8129757,2786,PT,PRT,620
8559,Portugal,Europe,1960,63.2,8938940,4347,PT,PRT,620
8569,Portugal,Europe,1970,68.2,9023470,7958,PT,PRT,620
8579,Portugal,Europe,1980,71.8,9780830,11121,PT,PRT,620
8589,Portugal,Europe,1990,74.5,9922724,14940,PT,PRT,620
8599,Portugal,Europe,2000,76.8,10322886,19039,PT,PRT,620
8609,Portugal,Europe,2010,79.0,10596058,21530,PT,PRT,620
8619,Portugal,Europe,2020,81.1,10196709,25100,PT,PRT,620
8629,Portugal,Europe,2030,80.1,9912679,32000,PT,PRT,620
8632,Puerto Rico,Americas,1950,62.6,1830707,2752,PR,PRI,630
8642,Puerto Rico,Americas,1960,69.2,2372828,4628,PR,PRI,630
8652,Puerto Rico,Americas,1970,71.7,2767864,8246,PR,PRI,630
8662,Puerto Rico,Americas,1980,73.6,3199732,10107,PR,PRI,630
8672,Puerto Rico,Americas,1990,74.2,3528893,13697,PR,PRI,630
8682,Puerto Rico,Americas,2000,76.6,3819536,18113,PR,PRI,630
8692,Puerto Rico,Americas,2010,78.4,3579841,21418,PR,PRI,630
8702,Puerto Rico,Americas,2020,80.1,2860853,27100,PR,PRI,630
8712,Puerto Rico,Americas,2030,81.5,2905352,29300,PR,PRI,630
8715,Reunion,Africa,1950,51.8,237300,2699,RE,REU,638
8725,Reunion,Africa,1960,56.6,338820,3012,RE,REU,638
8735,Reunion,Africa,1970,62.8,442589,4637,RE,REU,638
8745,Reunion,Africa,1980,68.8,507524,4888,RE,REU,638
8755,Reunion,Africa,1990,72.9,598129,5782,RE,REU,638
8765,Reunion,Africa,2000,75.4,720313,6218,RE,REU,638
8775,Reunion,Africa,2010,76.7,830519,26131,RE,REU,638
8785,Reunion,Africa,2020,77.3,895312,35855,RE,REU,638
8795,Reunion,Africa,2030,78.0,954806,37022,RE,REU,638
8798,Romania,Europe,1950,59.8,16609600,2825,RO,ROU,642
8808,Romania,Europe,1960,65.7,18340163,4418,RO,ROU,642
8818,Romania,Europe,1970,68.3,20111514,7395,RO,ROU,642
8828,Romania,Europe,1980,69.6,22077474,9506,RO,ROU,642
8838,Romania,Europe,1990,69.4,22752765,7838,RO,ROU,642
8848,Romania,Europe,2000,70.7,22467585,7670,RO,ROU,642
8858,Romania,Europe,2010,73.5,20471864,11139,RO,ROU,642
8868,Romania,Europe,2020,75.5,19237691,10000,RO,ROU,642
8878,Romania,Europe,2030,75.9,18306101,14600,RO,ROU,642
8881,Rwanda,Africa,1950,39.4,2514527,475,RW,RWA,646
8891,Rwanda,Africa,1960,43.1,3199480,523,RW,RWA,646
8901,Rwanda,Africa,1970,44.8,4391092,638,RW,RWA,646
8911,Rwanda,Africa,1980,44.9,6012645,861,RW,RWA,646
8921,Rwanda,Africa,1990,31.1,7243631,649,RW,RWA,646
8931,Rwanda,Africa,2000,45.1,8457313,832,RW,RWA,646
8941,Rwanda,Africa,2010,63.4,10039338,873,RW,RWA,646
8951,Rwanda,Africa,2020,69.4,12952218,750,RW,RWA,646
8961,Rwanda,Africa,2030,73.0,16234387,1790,RW,RWA,646
8964,Sao Tome and Principe,Africa,1950,45.5,39611,887,ST,STP,678
8974,Sao Tome and Principe,Africa,1960,50.7,63737,987,ST,STP,678
8984,Sao Tome and Principe,Africa,1970,55.7,74272,1474,ST,STP,678
8994,Sao Tome and Principe,Africa,1980,59.6,93874,1829,ST,STP,678
9004,Sao Tome and Principe,Africa,1990,62.3,119871,1464,ST,STP,678
9014,Sao Tome and Principe,Africa,2000,63.9,160466,1347,ST,STP,678
9024,Sao Tome and Principe,Africa,2010,67.4,180371,1525,ST,STP,678
9034,Sao Tome and Principe,Africa,2020,70.6,219159,1165,ST,STP,678
9044,Sao Tome and Principe,Africa,2030,73.0,268244,1880,ST,STP,678
9047,Saudi Arabia,Asia,1950,38.7,3985277,5780,SA,SAU,682
9057,Saudi Arabia,Asia,1960,44.7,4733677,10239,SA,SAU,682
9067,Saudi Arabia,Asia,1970,52.3,6130933,21664,SA,SAU,682
9077,Saudi Arabia,Asia,1980,61.3,10004205,33883,SA,SAU,682
9087,Saudi Arabia,Asia,1990,67.8,16015412,23384,SA,SAU,682
9097,Saudi Arabia,Asia,2000,71.2,23192822,19643,SA,SAU,682
9107,Saudi Arabia,Asia,2010,73.9,27421461,21377,SA,SAU,682
9117,Saudi Arabia,Asia,2020,75.3,34813871,20490,SA,SAU,682
9127,Saudi Arabia,Asia,2030,76.5,39322338,22287,SA,SAU,682
9130,Senegal,Africa,1950,36.5,2735189,1403,SN,SEN,686
9140,Senegal,Africa,1960,40.6,3279965,1620,SN,SEN,686
9150,Senegal,Africa,1970,44.9,4339554,1604,SN,SEN,686
9160,Senegal,Africa,1980,51.0,5793012,1536,SN,SEN,686
9170,Senegal,Africa,1990,57.2,7853291,1397,SN,SEN,686
9180,Senegal,Africa,2000,61.0,10336148,1469,SN,SEN,686
9190,Senegal,Africa,2010,64.3,12678148,1680,SN,SEN,686
9200,Senegal,Africa,2020,68.2,16743927,1430,SN,SEN,686
9210,Senegal,Africa,2030,71.1,21551460,2955,SN,SEN,686
9213,Serbia,Europe,1950,56.5,6839747,3022,RS,SRB,688
9223,Serbia,Europe,1960,63.4,7478090,5766,RS,SRB,688
9233,Serbia,Europe,1970,68.0,8176462,9510,RS,SRB,688
9243,Serbia,Europe,1980,70.2,8894241,14301,RS,SRB,688
9253,Serbia,Europe,1990,71.5,9588151,11943,RS,SRB,688
9263,Serbia,Europe,2000,72.8,10201573,7507,RS,SRB,688
9273,Serbia,Europe,2010,74.3,8991254,9143,RS,SRB,688
9283,Serbia,Europe,2020,76.6,8737371,6900,RS,SRB,688
9293,Serbia,Europe,2030,80.1,8250431,8450,RS,SRB,688
9296,Sierra Leone,Africa,1950,29.8,2122849,830,SL,SLE,694
9306,Sierra Leone,Africa,1960,32.3,2399008,1072,SL,SLE,694
9316,Sierra Leone,Africa,1970,34.9,2792284,1295,SL,SLE,694
9326,Sierra Leone,Africa,1980,37.8,3335072,1418,SL,SLE,694
9336,Sierra Leone,Africa,1990,39.0,4104092,1159,SL,SLE,694
9346,Sierra Leone,Africa,2000,40.6,5046740,650,SL,SLE,694
9356,Sierra Leone,Africa,2010,49.4,6415634,769,SL,SLE,694
9366,Sierra Leone,Africa,2020,55.1,7976983,400,SL,SLE,694
9376,Sierra Leone,Africa,2030,59.3,9648691,1140,SL,SLE,694
9379,Singapore,Asia,1950,59.3,1106600,2104,SG,SGP,702
9389,Singapore,Asia,1960,64.8,1628492,3342,SG,SGP,702
9399,Singapore,Asia,1970,68.9,2082480,7150,SG,SGP,702
9409,Singapore,Asia,1980,71.4,2521241,13586,SG,SGP,702
9419,Singapore,Asia,1990,74.9,3059340,22407,SG,SGP,702
9429,Singapore,Asia,2000,78.1,4039589,35022,SG,SGP,702
9439,Singapore,Asia,2010,81.5,5131172,50065,SG,SGP,702
9449,Singapore,Asia,2020,83.3,5850342,58500,SG,SGP,702
9459,Singapore,Asia,2030,83.8,6262466,73000,SG,SGP,702
9462,Slovak Republic,Europe,1950,63.1,3537737,4667,SK,SVK,703
9472,Slovak Republic,Europe,1960,69.2,4080141,6926,SK,SVK,703
9482,Slovak Republic,Europe,1970,70.6,4532955,9170,SK,SVK,703
9492,Slovak Republic,Europe,1980,70.7,4959947,11178,SK,SVK,703
9502,Slovak Republic,Europe,1990,71.3,5261460,10514,SK,SVK,703
9512,Slovak Republic,Europe,2000,73.4,5399235,13034,SK,SVK,703
9522,Slovak Republic,Europe,2010,75.1,5404294,19269,SK,SVK,703
9532,Slovak Republic,Europe,2020,77.5,5459642,19300,SK,SVK,703
9542,Slovak Republic,Europe,2030,78.5,5403400,25900,SK,SVK,703
9545,Slovenia,Europe,1950,64.7,1469118,3556,SI,SVN,705
9555,Slovenia,Europe,1960,68.6,1563005,6786,SI,SVN,705
9565,Slovenia,Europe,1970,69.6,1675471,11192,SI,SVN,705
9575,Slovenia,Europe,1980,71.0,1815519,16831,SI,SVN,705
9585,Slovenia,Europe,1990,73.1,1977874,16000,SI,SVN,705
9595,Slovenia,Europe,2000,76.1,2011543,19260,SI,SVN,705
9605,Slovenia,Europe,2010,79.4,2043337,26114,SI,SVN,705
9615,Slovenia,Europe,2020,82.1,2078938,25000,SI,SVN,705
9625,Slovenia,Europe,2030,85.6,2056193,35000,SI,SVN,705
9628,Somalia,Africa,1950,32.2,2506594,1087,SO,SOM,706
9638,Somalia,Africa,1960,36.2,2960258,1325,SO,SOM,706
9648,Somalia,Africa,1970,40.2,3675632,1267,SO,SOM,706
9658,Somalia,Africa,1980,42.6,5238802,1286,SO,SOM,706
9668,Somalia,Africa,1990,41.6,6428623,993,SO,SOM,706
9678,Somalia,Africa,2000,45.1,7305392,901,SO,SOM,706
9688,Somalia,Africa,2010,54.3,12043883,1025,SO,SOM,706
9698,Somalia,Africa,2020,57.8,15893222,1369,SO,SOM,706
9708,Somalia,Africa,2030,61.4,21191037,1893,SO,SOM,706
9711,Somaliland,Africa,1950,43.8,14244535,4421,SO,SOM,706
9721,Somaliland,Africa,1960,49.2,17474614,5656,SO,SOM,706
9731,Somaliland,Africa,1970,53.0,22760414,7505,SO,SOM,706
9741,Somaliland,Africa,1980,57.1,29535990,8352,SO,SOM,706
9751,Somaliland,Africa,1990,61.5,38351847,7465,SO,SOM,706
9761,Somaliland,Africa,2000,56.1,1957160,9584,SO,SOM,706
9771,Somaliland,Africa,2010,57.7,2630259,12880,SO,SOM,706
9781,Somaliland,Africa,2020,64.5,3534848,17309,SO,SOM,706
9791,Somaliland,Africa,2030,67.7,4750540,23262,SO,SOM,706
9794,South Africa,Africa,1950,43.8,14244535,4421,ZA,ZAF,710
9804,South Africa,Africa,1960,49.2,17474614,5656,ZA,ZAF,710
9814,South Africa,Africa,1970,53.0,22760414,7505,ZA,ZAF,710
9824,South Africa,Africa,1980,57.1,29535990,8352,ZA,ZAF,710
9834,South Africa,Africa,1990,61.5,38351847,7465,ZA,ZAF,710
9844,South Africa,Africa,2000,56.1,43794175,7618,ZA,ZAF,710
9854,South Africa,Africa,2010,57.7,51216964,8789,ZA,ZAF,710
9864,South Africa,Africa,2020,64.5,59308690,7180,ZA,ZAF,710
9874,South Africa,Africa,2030,67.7,65956081,8160,ZA,ZAF,710
9877,Spain,Europe,1950,64.3,28529470,3542,ES,ESP,724
9887,Spain,Europe,1960,68.5,30631482,5242,ES,ESP,724
9897,Spain,Europe,1970,72.4,33848007,9581,ES,ESP,724
9907,Spain,Europe,1980,75.5,37365586,13650,ES,ESP,724
9917,Spain,Europe,1990,77.3,39281944,17468,ES,ESP,724
9927,Spain,Europe,2000,79.4,40033687,23079,ES,ESP,724
9937,Spain,Europe,2010,81.6,46931015,29953,ES,ESP,724
9947,Spain,Europe,2020,83.7,46754778,31100,ES,ESP,724
9957,Spain,Europe,2030,85.2,46230140,40100,ES,ESP,724
9960,Sri Lanka,Asia,1950,56.1,7961942,1088,LK,LKA,144
9970,Sri Lanka,Asia,1960,61.9,9904580,1074,LK,LKA,144
9980,Sri Lanka,Asia,1970,64.7,12504998,1182,LK,LKA,144
9990,Sri Lanka,Asia,1980,67.6,14892825,1528,LK,LKA,144
10000,Sri Lanka,Asia,1990,69.8,17150358,2043,LK,LKA,144
10010,Sri Lanka,Asia,2000,70.7,19225532,2875,LK,LKA,144
10020,Sri Lanka,Asia,2010,75.4,20261737,3980,LK,LKA,144
10030,Sri Lanka,Asia,2020,77.1,21413249,3950,LK,LKA,144
10040,Sri Lanka,Asia,2030,78.8,22023016,5900,LK,LKA,144
10043,Sudan,Africa,1950,38.2,8484267,1554,SS,SSD,728
10053,Sudan,Africa,1960,40.4,10611293,1884,SS,SSD,728
10063,Sudan,Africa,1970,44.2,13844663,1671,SS,SSD,728
10073,Sudan,Africa,1980,49.3,19062226,2019,SS,SSD,728
10083,Sudan,Africa,1990,52.8,26826937,1498,SS,SSD,728
10093,Sudan,Africa,2000,56.0,35118470,1849,SS,SSD,728
10103,Sudan,Africa,2010,62.8,34545013,2383,SS,SSD,728
10113,Sudan,Africa,2020,65.5,43849260,1600,SS,SSD,728
10123,Sudan,Africa,2030,67.7,55253529,3460,SS,SSD,728
10126,Swaziland,Africa,1950,40.6,269843,1110,SZ,SWZ,748
10136,Swaziland,Africa,1960,44.4,352700,1612,SZ,SWZ,748
10146,Swaziland,Africa,1970,48.4,456339,3064,SZ,SWZ,748
10156,Swaziland,Africa,1980,54.4,610511,3850,SZ,SWZ,748
10166,Swaziland,Africa,1990,58.2,889146,3726,SZ,SWZ,748
10176,Swaziland,Africa,2000,48.0,1099956,4028,SZ,SWZ,748
10186,Swaziland,Africa,2010,46.0,1064837,4590,SZ,SWZ,748
10196,Swaziland,Africa,2020,60.6,1160164,4750,SZ,SWZ,748
10206,Swaziland,Africa,2030,75.2,1297835,5670,SZ,SWZ,748
10209,Sweden,Europe,1950,71.6,7104273,7974,SE,SWE,752
10219,Sweden,Europe,1960,73.0,7482474,11362,SE,SWE,752
10229,Sweden,Europe,1970,74.5,8020548,16803,SE,SWE,752
10239,Sweden,Europe,1980,76.03,8295815,19943,SE,SWE,752
10249,Sweden,Europe,1990,77.77,8599881,23763,SE,SWE,752
10259,Sweden,Europe,2000,79.78,8931553,27712,SE,SWE,752
10269,Sweden,Europe,2010,81.45,9390168,39889,SE,SWE,752
10279,Sweden,Europe,2020,82.86,10099265,56000,SE,SWE,752
10289,Sweden,Europe,2030,84.34,10629981,80510,SE,SWE,752
10292,Switzerland,Europe,1950,69.24,4794600,13464,CH,CHE,756
10302,Switzerland,Europe,1960,71.02,5450000,19422,CH,CHE,756
10312,Switzerland,Europe,1970,73.38,6266040,25504,CH,CHE,756
10322,Switzerland,Europe,1980,75.88,6407445,27832,CH,CHE,756
10332,Switzerland,Europe,1990,77.78,6857245,31236,CH,CHE,756
10342,Switzerland,Europe,2000,80.12,7294559,33543,CH,CHE,756
10352,Switzerland,Europe,2010,82.25,7808675,47981,CH,CHE,756
10362,Switzerland,Europe,2020,84.16,8654622,77200,CH,CHE,756
10372,Switzerland,Europe,2030,86.18,9185115,89900,CH,CHE,756
10375,Syria,Asia,1950,44.92,3641149,1454,SY,SYR,760
10385,Syria,Asia,1960,49.5,4560736,2163,SY,SYR,760
10395,Syria,Asia,1970,55.84,6293028,2296,SY,SYR,760
10405,Syria,Asia,1980,63.23,8819298,3535,SY,SYR,760
10415,Syria,Asia,1990,68.34,12428576,3251,SY,SYR,760
10425,Syria,Asia,2000,72.44,16325895,4060,SY,SYR,760
10435,Syria,Asia,2010,72.11,21362529,3847,SY,SYR,760
10445,Syria,Asia,2020,73.4,17500658,2891,SY,SYR,760
10455,Syria,Asia,2030,81.52,26676565,3479,SY,SYR,760
10458,Taiwan,Asia,1950,56.94,8529962,1087,TW,TWN,158
10468,Taiwan,Asia,1960,64.08,11217049,1697,TW,TWN,158
10478,Taiwan,Asia,1970,68.63,14595100,3495,TW,TWN,158
10488,Taiwan,Asia,1980,71.53,17814912,6694,TW,TWN,158
10498,Taiwan,Asia,1990,73.92,20315270,13551,TW,TWN,158
10508,Taiwan,Asia,2000,76.29,22123985,22024,TW,TWN,158
10518,Taiwan,Asia,2010,78.62,23187551,28647,TW,TWN,158
10528,Taiwan,Asia,2020,80.57,23816775,29172,TW,TWN,158
10538,Taiwan,Asia,2030,82.47,24011258,36935,TW,TWN,158
10541,Tanzania,Africa,1950,40.51,8302525,724,TJ,TJK,762
10551,Tanzania,Africa,1960,43.74,10299505,713,TJ,TJK,762
10561,Tanzania,Africa,1970,46.87,13866881,889,TJ,TJK,762
10571,Tanzania,Africa,1980,50.33,18758455,910,TJ,TJK,762
10581,Tanzania,Africa,1990,50.88,25179536,828,TJ,TJK,762
10591,Tanzania,Africa,2000,49.18,33031023,855,TJ,TJK,762
10601,Tanzania,Africa,2010,58.58,44346525,1086,TJ,TJK,762
10611,Tanzania,Africa,2020,66.09,59734218,1061,TJ,TJK,762
10621,Tanzania,Africa,2030,71.45,79162725,1466,TJ,TJK,762
10624,Thailand,Asia,1950,49.74,21269002,743,TH,THA,764
10634,Thailand,Asia,1960,55.09,27574805,919,TH,THA,764
10644,Thailand,Asia,1970,59.56,37175391,1433,TH,THA,764
10654,Thailand,Asia,1980,63.76,46955610,2220,TH,THA,764
10664,Thailand,Asia,1990,66.81,55164394,3963,TH,THA,764
10674,Thailand,Asia,2000,68.15,61770720,5889,TH,THA,764
10684,Thailand,Asia,2010,74.18,67195028,7219,TH,THA,764
10694,Thailand,Asia,2020,77.43,69799978,6450,TH,THA,764
10704,Thailand,Asia,2030,79.91,70345536,7950,TH,THA,764
10707,Togo,Africa,1950,37.55,1198713,833,TG,TGO,768
10717,Togo,Africa,1960,42.84,1459837,1011,TG,TGO,768
10727,Togo,Africa,1970,48.56,1928031,1581,TG,TGO,768
10737,Togo,Africa,1980,54.44,2510292,1420,TG,TGO,768
10747,Togo,Africa,1990,57.61,3510237,1101,TG,TGO,768
10757,Togo,Africa,2000,57.89,4714783,925,TG,TGO,768
10767,Togo,Africa,2010,57.47,6421679,836,TG,TGO,768
10777,Togo,Africa,2020,61.3,8278724,620,TG,TGO,768
10787,Togo,Africa,2030,64.01,10421916,1330,TG,TGO,768
10790,Trinidad and Tobago,Americas,1950,58.02,642450,2592,TT,TTO,780
10800,Trinidad and Tobago,Americas,1960,63.66,838459,4639,TT,TTO,780
10810,Trinidad and Tobago,Americas,1970,65.7,969181,6220,TT,TTO,780
10820,Trinidad and Tobago,Americas,1980,68.62,1085491,8632,TT,TTO,780
10830,Trinidad and Tobago,Americas,1990,69.75,1186736,7378,TT,TTO,780
10840,Trinidad and Tobago,Americas,2000,69.17,1116340,10393,TT,TTO,780
10850,Trinidad and Tobago,Americas,2010,71.95,1328147,14283,TT,TTO,780
10860,Trinidad and Tobago,Americas,2020,73.65,1399488,14900,TT,TTO,780
10870,Trinidad and Tobago,Americas,2030,75.0,1413415,16450,TT,TTO,780
10873,Tunisia,Africa,1950,43.6,3627335,1498,TN,TUN,788
10883,Tunisia,Africa,1960,48.59,4152271,1554,TN,TUN,788
10893,Tunisia,Africa,1970,54.18,5096899,2425,TN,TUN,788
10903,Tunisia,Africa,1980,62.36,6442483,3384,TN,TUN,788
10913,Tunisia,Africa,1990,68.76,8203837,4124,TN,TUN,788
10923,Tunisia,Africa,2000,72.61,9555013,5384,TN,TUN,788
10933,Tunisia,Africa,2010,75.04,10635244,6921,TN,TUN,788
10943,Tunisia,Africa,2020,76.9,11818619,6600,TN,TUN,788
10953,Tunisia,Africa,2030,78.84,12755757,7230,TN,TUN,788
10956,Turkey,Europe,1950,41.79,22215277,1869,TR,TUR,792
10966,Turkey,Europe,1960,50.49,28141593,2281,TR,TUR,792
10976,Turkey,Europe,1970,55.94,35860299,3201,TR,TUR,792
10986,Turkey,Europe,1980,60.42,45358888,4252,TR,TUR,792
10996,Turkey,Europe,1990,64.93,56060018,5443,TR,TUR,792
11006,Turkey,Europe,2000,70.04,65604416,6545,TR,TUR,792
11016,Turkey,Europe,2010,74.51,72326988,10093,TR,TUR,792
11026,Turkey,Europe,2020,77.99,84339067,14900,TR,TUR,792
11036,Turkey,Europe,2030,80.75,89157785,21700,TR,TUR,792
11039,Uganda,Africa,1950,38.94,5804397,719,UG,UGA,800
11049,Uganda,Africa,1960,44.23,7283479,770,UG,UGA,800
11059,Uganda,Africa,1970,49.83,9674289,934,UG,UGA,800
11069,Uganda,Africa,1980,50.05,12346743,747,UG,UGA,800
11079,Uganda,Africa,1990,49.9,17064534,634,UG,UGA,800
11089,Uganda,Africa,2000,46.52,23328023,883,UG,UGA,800
11099,Uganda,Africa,2010,57.1,32428167,1057,UG,UGA,800
11109,Uganda,Africa,2020,63.89,45741007,1060,UG,UGA,800
11119,Uganda,Africa,2030,68.46,59437928,1450,UG,UGA,800
11122,United Kingdom,Europe,1950,68.68,50409600,9458,GB,GBR,826
11132,United Kingdom,Europe,1960,70.62,52547200,12000,GB,GBR,826
11142,United Kingdom,Europe,1970,71.75,55631000,15194,GB,GBR,826
11152,United Kingdom,Europe,1980,73.53,56275422,17911,GB,GBR,826
11162,United Kingdom,Europe,1990,75.85,57512457,22289,GB,GBR,826
11172,United Kingdom,Europe,2000,77.97,59470765,28117,GB,GBR,826
11182,United Kingdom,Europe,2010,80.4,63459808,35825,GB,GBR,826
11192,United Kingdom,Europe,2020,81.26,67886011,39800,GB,GBR,826
11202,United Kingdom,Europe,2030,81.26,70485490,61700,GB,GBR,826
11205,United States,Americas,1950,68.02,157532600,13648,US,USA,840
11215,United States,Americas,1960,69.92,180716400,15643,US,USA,840
11225,United States,Americas,1970,71.11,205422400,20896,US,USA,840
11235,United States,Americas,1980,74.14,227408301,24635,US,USA,840
11245,United States,Americas,1990,75.66,251257927,31156,US,USA,840
11255,United States,Americas,2000,77.11,281770020,37765,US,USA,840
11265,United States,Americas,2010,78.54,309011475,46166,US,USA,840
11275,United States,Americas,2020,78.54,331002651,53240,US,USA,840
11285,United States,Americas,2030,78.54,349641876,61400,US,USA,840
11288,Uruguay,Americas,1950,65.68,2232565,5543,UY,URY,858
11298,Uruguay,Americas,1960,67.77,2529063,5822,UY,URY,858
11308,Uruguay,Americas,1970,68.59,2797147,5600,UY,URY,858
11318,Uruguay,Americas,1980,70.28,2921806,6754,UY,URY,858
11328,Uruguay,Americas,1990,72.42,3107618,7863,UY,URY,858
11338,Uruguay,Americas,2000,74.87,3322986,8328,UY,URY,858
11348,Uruguay,Americas,2010,76.75,3359275,11608,UY,URY,858
11358,Uruguay,Americas,2020,78.05,3473730,14100,UY,URY,858
11368,Uruguay,Americas,2030,79.43,3569471,15800,UY,URY,858
11371,Venezuela,Americas,1950,53.96,5419168,6845,VE,VEN,862
11381,Venezuela,Americas,1960,59.62,7567092,8975,VE,VEN,862
11391,Venezuela,Americas,1970,64.82,10793210,10120,VE,VEN,862
11401,Venezuela,Americas,1980,68.12,14773885,11949,VE,VEN,862
11411,Venezuela,Americas,1990,70.77,19323411,10394,VE,VEN,862
11421,Venezuela,Americas,2000,72.52,23522361,9229,VE,VEN,862
11431,Venezuela,Americas,2010,73.13,28439940,12068,VE,VEN,862
11441,Venezuela,Americas,2020,71.89,28435940,10000,VE,VEN,862
11451,Venezuela,Americas,2030,70.71,33626469,8915,VE,VEN,862
11454,Vietnam,Asia,1950,39.42,26226439,577,VN,VNM,704
11464,Vietnam,Asia,1960,44.37,31877101,734,VN,VNM,704
11474,Vietnam,Asia,1970,49.29,42578572,675,VN,VNM,704
11484,Vietnam,Asia,1980,57.6,53898711,710,VN,VNM,704
11494,Vietnam,Asia,1990,65.73,67095033,922,VN,VNM,704
11504,Vietnam,Asia,2000,72.08,78964487,1613,VN,VNM,704
11514,Vietnam,Asia,2010,74.84,87967651,2352,VN,VNM,704
11524,Vietnam,Asia,2020,75.47,97338579,1990,VN,VNM,704
11534,Vietnam,Asia,2030,76.23,104163519,2390,VN,VNM,704
11537,West Bank and Gaza,Asia,1950,42.16,1010185,1391,PS,PSE,275
11547,West Bank and Gaza,Asia,1960,47.14,1108056,2050,PS,PSE,275
11557,West Bank and Gaza,Asia,1970,54.57,1110798,2940,PS,PSE,275
11567,West Bank and Gaza,Asia,1980,62.95,1359962,4075,PS,PSE,275
11577,West Bank and Gaza,Asia,1990,68.65,1939351,5653,PS,PSE,275
11587,West Bank and Gaza,Asia,2000,71.86,3164165,5554,PS,PSE,275
11597,West Bank and Gaza,Asia,2010,72.79,41034933,3028,PS,PSE,275
11607,West Bank and Gaza,Asia,2020,74.21,44598032,3098,PS,PSE,275
11617,West Bank and Gaza,Asia,2030,75.76,48954034,3761,PS,PSE,275
11620,"Yemen, Rep.",Asia,1950,31.98,4943429,772,YE,YEM,887
11630,"Yemen, Rep.",Asia,1960,34.7,5871285,817,YE,YEM,887
11640,"Yemen, Rep.",Asia,1970,38.7,7140559,1104,YE,YEM,887
11650,"Yemen, Rep.",Asia,1980,47.14,9156167,1918,YE,YEM,887
11660,"Yemen, Rep.",Asia,1990,54.53,12508534,1916,YE,YEM,887
11670,"Yemen, Rep.",Asia,2000,59.39,17551353,2188,YE,YEM,887
11680,"Yemen, Rep.",Asia,2010,65.55,23154855,1869,YE,YEM,887
11690,"Yemen, Rep.",Asia,2020,66.12,29825964,513,YE,YEM,887
11700,"Yemen, Rep.",Asia,2030,66.22,36406888,772,YE,YEM,887
11703,Zambia,Africa,1950,41.22,2651600,1082,ZM,ZMB,894
11713,Zambia,Africa,1960,45.24,3259000,1396,ZM,ZMB,894
11723,Zambia,Africa,1970,49.17,4263898,1775,ZM,ZMB,894
11733,Zambia,Africa,1980,51.65,5746864,1481,ZM,ZMB,894
11743,Zambia,Africa,1990,47.99,7937660,1212,ZM,ZMB,894
11753,Zambia,Africa,2000,39.61,10124602,1072,ZM,ZMB,894
11763,Zambia,Africa,2010,55.66,13605984,1368,ZM,ZMB,894
11773,Zambia,Africa,2020,64.44,18383955,1600,ZM,ZMB,894
11783,Zambia,Africa,2030,69.11,24325505,1810,ZM,ZMB,894
11786,Zimbabwe,Africa,1950,47.64,3060507,362,ZW,ZWE,716
11796,Zimbabwe,Africa,1960,51.6,4025178,524,ZW,ZWE,716
11806,Zimbabwe,Africa,1970,54.98,5514854,708,ZW,ZWE,716
11816,Zimbabwe,Africa,1980,61.56,8584460,739,ZW,ZWE,716
11826,Zimbabwe,Africa,1990,52.24,11124705,753,ZW,ZWE,716
11836,Zimbabwe,Africa,2000,42.09,12157311,551,ZW,ZWE,716
11846,Zimbabwe,Africa,2010,50.64,12697723,648,ZW,ZWE,716
11856,Zimbabwe,Africa,2020,61.96,14862924,950,ZW,ZWE,716
11866,Zimbabwe,Africa,2030,65.79,17596447,1724,ZW,ZWE,716
