,country,continent,year,lifeExp,pop,gdpPercap
0,Afghanistan阿富汗,Asia,1950,29.22,8221506,728
10,Afghanistan阿富汗,Asia,1960,31.33,9856623,840
20,Afghanistan阿富汗,Asia,1970,35.26,12462862,778
30,Afghanistan阿富汗,Asia,1980,39.29,13681238,901
40,Afghanistan阿富汗,Asia,1990,41.33,15337935,731
50,Afghanistan阿富汗,Asia,2000,41.98,24052009,690
60,Afghanistan阿富汗,Asia,2010,75.82,29185507,874
70,Afghanistan阿富汗,Asia,2020,77.15,38928346,565
80,Afghanistan阿富汗,Asia,2030,78.48,48093578,615
83,Albania阿爾巴尼亞,Europe,1950,53.61,991432,1465
93,Albania阿爾巴尼亞,Europe,1960,62.6,1627484,2165
103,Albania阿爾巴尼亞,Europe,1970,67.1,2151756,3092
113,Albania阿爾巴尼亞,Europe,1980,69.82,2671677,3592
123,Albania阿爾巴尼亞,Europe,1990,71.75,3226027,2994
133,Albania阿爾巴尼亞,Europe,2000,74.57,3476322,4040
143,Albania阿爾巴尼亞,Europe,2010,75.28,2948023,5755
153,Albania阿爾巴尼亞,Europe,2020,76.82,2877797,4700
163,Albania阿爾巴尼亞,Europe,2030,78.3,2786974,7900
166,Algeria阿爾吉利亞,Africa,1950,42.03,8988260,2223
176,Algeria阿爾吉利亞,Africa,1960,47.26,10708911,2736
186,Algeria阿爾吉利亞,Africa,1970,53.27,13960672,3808
196,Algeria阿爾吉利亞,Africa,1980,60.03,18881373,5411
206,Algeria阿爾吉利亞,Africa,1990,66.97,25081006,5286
216,Algeria阿爾吉利亞,Africa,2000,70.26,30401091,5092
226,Algeria阿爾吉利亞,Africa,2010,74.94,35977455,5845
236,Algeria阿爾吉利亞,Africa,2020,77.08,43851044,4575
246,Algeria阿爾吉利亞,Africa,2030,79.02,50360749,5500
249,Angola安哥拉,Africa,1950,29.22,3940830,3398
259,Angola安哥拉,Africa,1960,33.2,4720153,4093
269,Angola安哥拉,Africa,1970,37.15,5635902,5493
279,Angola安哥拉,Africa,1980,39.76,6674900,2858
289,Angola安哥拉,Africa,1990,40.35,8391285,2549
299,Angola安哥拉,Africa,2000,40.99,10469673,2575
309,Angola安哥拉,Africa,2010,55.35,23356246,4374
319,Angola安哥拉,Africa,2020,61.59,32866272,2980
329,Angola安哥拉,Africa,2030,65.62,44834712,4700
332,Argentina阿根廷,Americas,1950,61.72,17585691,5533
342,Argentina阿根廷,Americas,1960,64.84,20614485,7023
352,Argentina阿根廷,Americas,1970,66.49,24041569,8887
362,Argentina阿根廷,Americas,1980,69.36,28398356,9430
372,Argentina阿根廷,Americas,1990,71.43,33023735,9241
382,Argentina阿根廷,Americas,2000,73.91,37480058,9665
392,Argentina阿根廷,Americas,2010,75.28,40895752,12017
402,Argentina阿根廷,Americas,2020,76.82,45195774,8854
412,Argentina阿根廷,Americas,2030,78.3,49056162,11900
415,Australia澳洲,Oceania,1950,68.64,8399947,9676
425,Australia澳洲,Oceania,1960,70.69,10362008,11710
435,Australia澳洲,Oceania,1970,71.6,12655106,15884
445,Australia澳洲,Oceania,1980,74.24,14740160,19020
455,Australia澳洲,Oceania,1990,77.06,16992086,22810
465,Australia澳洲,Oceania,2000,79.75,19154172,29212
475,Australia澳洲,Oceania,2010,81.7,22154679,40094
485,Australia澳洲,Oceania,2020,83.25,25499884,54200
495,Australia澳洲,Oceania,2030,85.73,28177481,66900
498,Austria奧地利,Europe,1950,66.53,6636507,5055
508,Austria奧地利,Europe,1960,68.72,7064262,9987
518,Austria奧地利,Europe,1970,70.43,7477320,15131
528,Austria奧地利,Europe,1980,72.78,7572140,20858
538,Austria奧地利,Europe,1990,75.6,7780543,25700
548,Austria奧地利,Europe,2000,78.39,8116938,31089
558,Austria奧地利,Europe,2010,80.58,8409949,39759
568,Austria奧地利,Europe,2020,81.79,9006398,46500
578,Austria奧地利,Europe,2030,82.28,9175689,67000
581,Bahrain巴林,Asia,1950,49.78,113164,9160
591,Bahrain巴林,Asia,1960,55.69,158580,12306
601,Bahrain巴林,Asia,1970,61.95,219353,16883
611,Bahrain巴林,Asia,1980,67.67,345744,19263
621,Bahrain巴林,Asia,1990,71.86,499539,18831
631,Bahrain巴林,Asia,2000,74.45,633263,22159
641,Bahrain巴林,Asia,2010,76.06,1240860,27575
651,Bahrain巴林,Asia,2020,77.43,1701575,20500
661,Bahrain巴林,Asia,2030,78.74,2013416,26100
664,Bangladesh巴林,Asia,1950,36.74,46595594,693
674,Bangladesh巴林,Asia,1960,40.47,54649761,676
684,Bangladesh巴林,Asia,1970,44.53,67584331,667
694,Bangladesh巴林,Asia,1980,48.77,88015966,670
704,Bangladesh巴林,Asia,1990,54.74,109728444,803
714,Bangladesh巴林,Asia,2000,60.97,130720189,1071
724,Bangladesh巴林,Asia,2010,69.88,147575430,1365
734,Bangladesh巴林,Asia,2020,72.86,164689383,1250
744,Bangladesh巴林,Asia,2030,75.54,178993869,1550
747,Belgium比利時,Europe,1950,67.5,8439140,7794
757,Belgium比利時,Europe,1960,69.85,9126684,10481
767,Belgium比利時,Europe,1970,71.24,9648060,15263
777,Belgium比利時,Europe,1980,73.48,9842502,20235
787,Belgium比利時,Europe,1990,76.02,9975453,24356
797,Belgium比利時,Europe,2000,78.0,10267097,29316
807,Belgium比利時,Europe,2010,80.18,10938739,37155
817,Belgium比利時,Europe,2020,81.8,11589623,46000
827,Belgium比利時,Europe,2030,82.82,11903750,51000
830,Benin貝南,Africa,1950,37.37,1447050,1104
840,Benin貝南,Africa,1960,41.71,2061206,954
850,Benin貝南,Africa,1970,46.16,2627778,1066
860,Benin貝南,Africa,1980,50.22,3452269,1178
870,Benin貝南,Africa,1990,53.29,4686518,1205
880,Benin貝南,Africa,2000,54.55,6642100,1317
890,Benin貝南,Africa,2010,59.32,9199259,1396
900,Benin貝南,Africa,2020,62.06,12123200,1150
910,Benin貝南,Africa,2030,65.02,15672304,1740
913,Bolivia玻利維亞,Americas,1950,39.82,2592050,2897
923,Bolivia玻利維亞,Americas,1960,42.81,3441046,2160
933,Bolivia玻利維亞,Americas,1970,46.04,4355789,2823
943,Bolivia玻利維亞,Americas,1980,52.32,5417221,3313
953,Bolivia玻利維亞,Americas,1990,58.87,6598618,2878
963,Bolivia玻利維亞,Americas,2000,63.15,8144356,3378
973,Bolivia玻利維亞,Americas,2010,68.01,10048590,3512
983,Bolivia玻利維亞,Americas,2020,71.83,11673021,2410
993,Bolivia玻利維亞,Americas,2030,74.77,13240382,2950
996,Bosnia and Herzegovina波士尼亞與赫塞哥維納,Europe,1950,51.97,2499735,821
1006,Bosnia and Herzegovina波士尼亞與赫塞哥維納,Europe,1960,60.54,3239800,1567
1016,Bosnia and Herzegovina波士尼亞與赫塞哥維納,Europe,1970,66.39,3725400,2585
1026,Bosnia and Herzegovina波士尼亞與赫塞哥維納,Europe,1980,70.36,4138016,3887
1036,Bosnia and Herzegovina波士尼亞與赫塞哥維納,Europe,1990,71.76,4289199,3254
1046,Bosnia and Herzegovina波士尼亞與赫塞哥維納,Europe,2000,73.75,3942050,5518
1056,Bosnia and Herzegovina波士尼亞與赫塞哥維納,Europe,2010,76.03,3705472,7144
1066,Bosnia and Herzegovina波士尼亞與赫塞哥維納,Europe,2020,77.53,3280819,5900
1076,Bosnia and Herzegovina波士尼亞與赫塞哥維納,Europe,2030,78.87,3126648,6900
1079,Botswana波札那,Africa,1950,46.82,151043,824
1089,Botswana波札那,Africa,1960,50.76,497514,957
1099,Botswana波札那,Africa,1970,54.93,593027,1844
1109,Botswana波札那,Africa,1980,60.62,894797,4017
1119,Botswana波札那,Africa,1990,63.1,1266042,7255
1129,Botswana波札那,Africa,2000,49.0,1592823,10061
1139,Botswana波札那,Africa,2010,60.21,1987105,11451
1149,Botswana波札那,Africa,2020,70.2,2351627,7000
1159,Botswana波札那,Africa,2030,74.83,2774340,9900
1162,Brazil巴西,Americas,1950,49.97,56311295,1958
1172,Brazil巴西,Americas,1960,54.71,71844102,2997
1182,Brazil巴西,Americas,1970,58.76,95723964,4363
1192,Brazil巴西,Americas,1980,62.6,123103344,6883
1202,Brazil巴西,Americas,1990,66.32,150760815,7293
1212,Brazil巴西,Americas,2000,70.36,175367215,8062
1222,Brazil巴西,Americas,2010,73.62,195713635,9580
1232,Brazil巴西,Americas,2020,76.1,212559417,10400
1242,Brazil巴西,Americas,2030,78.26,223852122,12000
1245,Bulgaria保加利亞,Europe,1950,56.8,6983635,2219
1255,Bulgaria保加利亞,Europe,1960,68.35,7868269,3756
1265,Bulgaria保加利亞,Europe,1970,70.71,8469810,6189
1275,Bulgaria保加利亞,Europe,1980,70.97,8854068,7979
1285,Bulgaria保加利亞,Europe,1990,71.25,8783887,7078
1295,Bulgaria保加利亞,Europe,2000,71.41,7823502,7006
1305,Bulgaria保加利亞,Europe,2010,73.51,7425008,10267
1315,Bulgaria保加利亞,Europe,2020,75.26,6948445,8500
1325,Bulgaria保加利亞,Europe,2030,76.75,6416749,12500
1328,Burkina Faso布吉納法索,Africa,1950,30.8,4178714,514
1338,Burkina Faso布吉納法索,Africa,1960,36.65,4837146,680
1348,Burkina Faso布吉納法索,Africa,1970,42.43,5311506,831
1358,Burkina Faso布吉納法索,Africa,1980,47.33,6336587,782
1368,Burkina Faso布吉納法索,Africa,1990,49.98,8361602,924
1378,Burkina Faso布吉納法索,Africa,2000,50.52,11491863,1001
1388,Burkina Faso布吉納法索,Africa,2010,57.1,15605217,1118
1398,Burkina Faso布吉納法索,Africa,2020,61.99,20903273,700
1408,Burkina Faso布吉納法索,Africa,2030,66.05,27404039,925
1411,Burundi蒲隆地,Africa,1950,38.43,2154353,323
1421,Burundi蒲隆地,Africa,1960,41.44,2844156,365
1431,Burundi蒲隆地,Africa,1970,43.85,3450385,444
1441,Burundi蒲隆地,Africa,1980,46.85,4282012,558
1451,Burundi蒲隆地,Africa,1990,46.13,5535951,628
1461,Burundi蒲隆地,Africa,2000,46.55,6661291,453
1471,Burundi蒲隆地,Africa,2010,57.23,8675602,375
1481,Burundi蒲隆地,Africa,2020,61.95,11890784,202
1491,Burundi蒲隆地,Africa,2030,65.44,15772822,330
1494,Cambodia柬埔寨,Asia,1950,38.64,4402571,342
1504,Cambodia柬埔寨,Asia,1960,42.6,5779186,472
1514,Cambodia柬埔寨,Asia,1970,42.36,7254390,462
1524,Cambodia柬埔寨,Asia,1980,43.06,7154934,585
1534,Cambodia柬埔寨,Asia,1990,55.05,9438773,683
1544,Cambodia柬埔寨,Asia,2000,56.66,12469209,831
1554,Cambodia柬埔寨,Asia,2010,66.56,14312212,1603
1564,Cambodia柬埔寨,Asia,2020,70.13,16718965,1215
1574,Cambodia柬埔寨,Asia,2030,72.94,18781033,1758
1577,Cameroon喀麥隆,Africa,1950,37.76,4717802,1117
1587,Cameroon喀麥隆,Africa,1960,41.76,5620149,1365
1597,Cameroon喀麥隆,Africa,1970,46.15,6746819,1614
1607,Cameroon喀麥隆,Africa,1980,51.52,8734445,2134
1617,Cameroon喀麥隆,Africa,1990,54.58,11792569,2117
1627,Cameroon喀麥隆,Africa,2000,50.79,15236316,1838
1637,Cameroon喀麥隆,Africa,2010,55.1,20341241,1912
1647,Cameroon喀麥隆,Africa,2020,59.74,26545863,1400
1657,Cameroon喀麥隆,Africa,2030,63.84,33766121,2045
1660,Canada加拿大,Americas,1950,68.27,14494319,10918
1670,Canada加拿大,Americas,1960,70.76,18195571,13073
1680,Canada加拿大,Americas,1970,72.58,21698607,17813
1690,Canada加拿大,Americas,1980,75.14,24639700,22576
1700,Canada加拿大,Americas,1990,77.51,27733981,26456
1710,Canada加拿大,Americas,2000,79.31,31263698,31579
1720,Canada加拿大,Americas,2010,81.25,34147564,40137
1730,Canada加拿大,Americas,2020,81.95,26545863,50100
1740,Canada加拿大,Americas,2030,81.95,33766121,55600
1743,Central African Republic中非共利國,Africa,1950,34.66,1000430,1023
1753,Central African Republic中非共利國,Africa,1960,38.67,1471000,1192
1763,Central African Republic中非共利國,Africa,1970,42.67,1849811,1096
1773,Central African Republic中非共利國,Africa,1980,47.69,2353196,1018
1783,Central African Republic中非共利國,Africa,1990,49.83,3095078,787
1793,Central African Republic中非共利國,Africa,2000,44.41,3907413,739
1803,Central African Republic中非共利國,Africa,2010,47.31,4386768,626
1813,Central African Republic中非共利國,Africa,2020,53.94,4829767,370
1823,Central African Republic中非共利國,Africa,2030,59.59,5942211,418
1826,Chad查德,Africa,1950,37.38,2391197,1127
1836,Chad查德,Africa,1960,40.98,3048192,1357
1846,Chad查德,Africa,1970,44.78,3737828,1141
1856,Chad查德,Africa,1980,48.66,4680375,932
1866,Chad查德,Africa,1990,51.45,6057232,1016
1876,Chad查德,Africa,2000,50.94,8326248,1096
1886,Chad查德,Africa,2010,50.89,11952136,1481
1896,Chad查德,Africa,2020,54.51,16425864,700
1906,Chad查德,Africa,2030,57.16,21690381,1260
1909,Chile智利,Americas,1950,54.21,6086354,3790
1919,Chile智利,Americas,1960,57.18,7596125,4438
1929,Chile智利,Americas,1970,62.27,9374078,5339
1939,Chile智利,Americas,1980,69.16,11132184,4960
1949,Chile智利,Americas,1990,73.47,13129138,6777
1959,Chile智利,Americas,2000,77.04,15138199,10514
1969,Chile智利,Americas,2010,78.78,17062536,13652
1979,Chile智利,Americas,2020,80.31,19116201,14650
1989,Chile智利,Americas,2030,81.64,19458103,16800
1992,China中國,Asia,1950,41.38,555972262,330
2002,China中國,Asia,1960,46.92,654425200,523
2012,China中國,Asia,1970,61.22,819038000,651
2022,China中國,Asia,1980,64.9,977550600,874
2032,China中國,Asia,1990,68.12,1132596000,1545
2042,China中國,Asia,2000,71.39,1260270000,2787
2052,China中國,Asia,2010,74.41,1368810615,5783
2062,China中國,Asia,2020,77.17,1439323776,8130
2072,China中國,Asia,2030,79.51,1464340159,10460
2075,Colombia哥倫比亞,Americas,1950,48.85,12059506,2072
2085,Colombia哥倫比亞,Americas,1960,56.77,16000328,2425
2095,Colombia哥倫比亞,Americas,1970,60.96,21431345,3030
2105,Colombia哥倫比亞,Americas,1980,65.53,26696551,4165
2115,Colombia哥倫比亞,Americas,1990,68.16,32907331,5228
2125,Colombia哥倫比亞,Americas,2000,71.13,39668068,5900
2135,Colombia哥倫比亞,Americas,2010,75.42,45222700,7216
2145,Colombia哥倫比亞,Americas,2020,77.48,50882891,7500
2155,Colombia哥倫比亞,Americas,2030,79.32,53416763,8600
2158,Comoros葛摩聯盟,Africa,1950,40.02,147139,1060
2168,Comoros葛摩聯盟,Africa,1960,43.66,183385,1328
2178,Comoros葛摩聯盟,Africa,1970,47.96,236967,1913
2188,Comoros葛摩聯盟,Africa,1980,52.14,331081,1229
2198,Comoros葛摩聯盟,Africa,1990,56.73,430703,1275
2208,Comoros葛摩聯盟,Africa,2000,62.05,579822,1115
2218,Comoros葛摩聯盟,Africa,2010,61.86,689692,1092
2228,Comoros葛摩聯盟,Africa,2020,64.53,869601,1378
2238,Comoros葛摩聯盟,Africa,2030,66.59,1063114,1850
2241,"Congo, Dem. Rep.剛果民主共和國",Africa,1950,38.54,13808740,730
2251,"Congo, Dem. Rep.剛果民主共和國",Africa,1960,41.53,16723033,900
2261,"Congo, Dem. Rep.剛果民主共和國",Africa,1970,45.22,21781031,888
2271,"Congo, Dem. Rep.剛果民主共和國",Africa,1980,47.79,28980245,723
2281,"Congo, Dem. Rep.剛果民主共和國",Africa,1990,46.29,39195944,544
2291,"Congo, Dem. Rep.剛果民主共和國",Africa,2000,44.01,52347506,270
2301,"Congo, Dem. Rep.剛果民主共和國",Africa,2010,56.91,64563854,314
2311,"Congo, Dem. Rep.剛果民主共和國",Africa,2020,61.05,89561403,390
2321,"Congo, Dem. Rep.剛果民主共和國",Africa,2030,64.47,120046726,600
2324,"Congo, Rep.剛果",Africa,1950,40.93,563620,2050
2334,"Congo, Rep.剛果",Africa,1960,47.08,1004938,2405
2344,"Congo, Rep.剛果",Africa,1970,53.76,1276179,2999
2354,"Congo, Rep.剛果",Africa,1980,56.27,1679549,4231
2364,"Congo, Rep.剛果",Africa,1990,56.85,2271082,4090
2374,"Congo, Rep.剛果",Africa,2000,52.97,3117656,3484
2384,"Congo, Rep.剛果",Africa,2010,60.09,64563854,2830
2394,"Congo, Rep.剛果",Africa,2020,64.96,89561403,390
2404,"Congo, Rep.剛果",Africa,2030,68.32,120046726,600
2407,Costa Rica哥斯大黎加,Americas,1950,56.08,635052,2482
2417,Costa Rica哥斯大黎加,Americas,1960,61.72,1252032,3273
2427,Costa Rica哥斯大黎加,Americas,1970,66.88,1736364,4736
2437,Costa Rica哥斯大黎加,Americas,1980,72.37,2298003,5528
2447,Costa Rica哥斯大黎加,Americas,1990,75.33,3023854,5948
2457,Costa Rica哥斯大黎加,Americas,2000,77.78,3708203,7305
2467,Costa Rica哥斯大黎加,Americas,2010,78.77,4577378,9746
2477,Costa Rica哥斯大黎加,Americas,2020,80.46,5094118,9510
2487,Costa Rica哥斯大黎加,Americas,2030,82.27,5468038,10300
2490,Cote d'Ivoire象牙海岸,Africa,1950,39.68,2685754,1344
2500,Cote d'Ivoire象牙海岸,Africa,1960,43.95,3619445,1638
2510,Cote d'Ivoire象牙海岸,Africa,1970,48.82,5540966,2248
2520,Cote d'Ivoire象牙海岸,Africa,1980,53.34,8399400,2569
2530,Cote d'Ivoire象牙海岸,Africa,1990,53.09,11967997,1852
2540,Cote d'Ivoire象牙海岸,Africa,2000,47.3,15602022,1704
2550,Cote d'Ivoire象牙海岸,Africa,2010,52.96,20530000,1571
2560,Cote d'Ivoire象牙海岸,Africa,2020,58.23,25820000,1715
2570,Cote d'Ivoire象牙海岸,Africa,2030,62.28,26550000,2346
2573,Croatia克羅埃西亞,Europe,1950,59.79,3590964,2632
2583,Croatia克羅埃西亞,Europe,1960,66.19,4042431,5022
2593,Croatia克羅埃西亞,Europe,1970,69.17,4204932,8283
2603,Croatia克羅埃西亞,Europe,1980,70.53,4375490,12455
2613,Croatia克羅埃西亞,Europe,1990,72.12,4490132,10598
2623,Croatia克羅埃西亞,Europe,2000,74.4,4466450,10927
2633,Croatia克羅埃西亞,Europe,2010,76.48,4328165,15078
2643,Croatia克羅埃西亞,Europe,2020,78.56,4105267,15200
2653,Croatia克羅埃西亞,Europe,2030,81.0,3877272,18100
2656,Cuba古巴,Americas,1950,58.26,5716532,5384
2666,Cuba古巴,Americas,1960,64.08,7008925,5545
2676,Cuba古巴,Americas,1970,69.75,8554542,5459
2686,Cuba古巴,Americas,1980,73.29,9688730,6942
2696,Cuba古巴,Americas,1990,74.32,10529892,6369
2706,Cuba古巴,Americas,2000,76.76,11129402,5977
2716,Cuba古巴,Americas,2010,78.34,11225832,8415
2726,Cuba古巴,Americas,2020,78.85,11326616,6530
2736,Cuba古巴,Americas,2030,79.49,11142328,7110
2739,Czech Republic捷克,Europe,1950,66.01,8833918,6324
2749,Czech Republic捷克,Europe,1960,69.55,9577672,9385
2759,Czech Republic捷克,Europe,1970,70.33,9851338,12425
2769,Czech Republic捷克,Europe,1980,70.86,10246988,15146
2779,Czech Republic捷克,Europe,1990,72.07,10314060,15102
2789,Czech Republic捷克,Europe,2000,74.91,10274060,16977
2799,Czech Republic捷克,Europe,2010,77.42,10536518,23083
2809,Czech Republic捷克,Europe,2020,79.13,10708981,22500
2819,Czech Republic捷克,Europe,2030,79.64,10744834,30300
2822,Denmark丹麥,Europe,1950,70.37,4272468,9129
2832,Denmark丹麥,Europe,1960,72.13,4583272,12590
2842,Denmark丹麥,Europe,1970,73.27,4930478,17695
2852,Denmark丹麥,Europe,1980,74.65,5106054,21182
2862,Denmark丹麥,Europe,1990,75.12,5153645,25891
2872,Denmark丹麥,Europe,2000,76.75,5338281,31222
2882,Denmark丹麥,Europe,2010,79.1,5554844,42746
2892,Denmark丹麥,Europe,2020,80.66,5792202,62200
2902,Denmark丹麥,Europe,2030,79.17,6001867,69800
2905,Djibouti吉布地,Africa,1950,33.81,1617,2591
2915,Djibouti吉布地,Africa,1960,38.75,82679,2959
2925,Djibouti吉布地,Africa,1970,43.45,158356,3425
2935,Djibouti吉布地,Africa,1980,47.89,275072,2960
2945,Djibouti吉布地,Africa,1990,50.98,354904,2578
2955,Djibouti吉布地,Africa,2000,53.29,435613,1903
2965,Djibouti吉布地,Africa,2010,60.06,840198,2296
2975,Djibouti吉布地,Africa,2020,67.96,988000,3088
2985,Djibouti吉布地,Africa,2030,74.85,1116724,4608
2988,Dominican Republic多明尼加共和國,Americas,1950,44.37,2429814,1339
2998,Dominican Republic多明尼加共和國,Americas,1960,52.01,3241335,1615
3008,Dominican Republic多明尼加共和國,Americas,1970,58.48,4422456,1975
3018,Dominican Republic多明尼加共和國,Americas,1980,62.95,5702129,2789
3028,Dominican Republic多明尼加共和國,Americas,1990,67.49,7072827,2986
3038,Dominican Republic多明尼加共和國,Americas,2000,70.49,8387136,4184
3048,Dominican Republic多明尼加共和國,Americas,2010,72.05,9695121,6520
3058,Dominican Republic多明尼加共和國,Americas,2020,74.3,10847910,7520
3068,Dominican Republic多明尼加共和國,Americas,2030,76.33,11770322,10400
3071,Ecuador厄瓜多,Americas,1950,47.16,3487221,3419
3081,Ecuador厄瓜多,Americas,1960,53.33,4432378,3964
3091,Ecuador厄瓜多,Americas,1970,57.95,5952160,5000
3101,Ecuador厄瓜多,Americas,1980,63.13,7931056,7000
3111,Ecuador厄瓜多,Americas,1990,68.66,10267100,6855
3121,Ecuador厄瓜多,Americas,2000,73.43,12517468,6436
3131,Ecuador厄瓜多,Americas,2010,75.09,15011117,6429
3141,Ecuador厄瓜多,Americas,2020,77.23,17643054,4850
3151,Ecuador厄瓜多,Americas,2030,79.39,19818797,6350
3154,Egypt埃及,Africa,1950,40.87,22161777,1403
3164,Egypt埃及,Africa,1960,45.97,26907882,1600
3174,Egypt埃及,Africa,1970,50.4,33556925,1940
3184,Egypt埃及,Africa,1980,54.93,42922632,3216
3194,Egypt埃及,Africa,1990,62.12,56760944,3831
3204,Egypt埃及,Africa,2000,68.77,70441252,4522
3214,Egypt埃及,Africa,2010,70.35,82761235,4938
3224,Egypt埃及,Africa,2020,72.16,102334404,2900
3234,Egypt埃及,Africa,2030,73.85,120831557,4130
3237,El Salvador薩爾瓦多,Americas,1950,43.94,1981333,2899
3247,El Salvador薩爾瓦多,Americas,1960,50.81,2590934,3635
3257,El Salvador薩爾瓦多,Americas,1970,57.27,3567713,4456
3267,El Salvador薩爾瓦多,Americas,1980,56.64,4397958,4515
3277,El Salvador薩爾瓦多,Americas,1990,65.34,5101667,4323
3287,El Salvador薩爾瓦多,Americas,2000,70.25,6125584,5273
3297,El Salvador薩爾瓦多,Americas,2010,71.21,6183875,5189
3307,El Salvador薩爾瓦多,Americas,2020,73.54,6486205,3350
3317,El Salvador薩爾瓦多,Americas,2030,75.78,6778586,5200
3320,Equatorial Guinea赤道幾內亞,Africa,1950,33.88,155432,355
3330,Equatorial Guinea赤道幾內亞,Africa,1960,36.88,242701,520
3340,Equatorial Guinea赤道幾內亞,Africa,1970,39.9,270507,770
3350,Equatorial Guinea赤道幾內亞,Africa,1980,43.01,248360,940
3360,Equatorial Guinea赤道幾內亞,Africa,1990,46.79,369200,1066
3370,Equatorial Guinea赤道幾內亞,Africa,2000,48.91,473365,5748
3380,Equatorial Guinea赤道幾內亞,Africa,2010,55.62,943639,11425
3390,Equatorial Guinea赤道幾內亞,Africa,2020,59.08,1402985,7900
3400,Equatorial Guinea赤道幾內亞,Africa,2030,62.49,1873549,11900
3403,Eritrea厄利垂亞,Africa,1950,35.08,1377228,323
3413,Eritrea厄利垂亞,Africa,1960,39.31,1617015,366
3423,Eritrea厄利垂亞,Africa,1970,43.36,2084240,496
3433,Eritrea厄利垂亞,Africa,1980,44.15,2587435,517
3443,Eritrea厄利垂亞,Africa,1990,48.58,3367448,558
3453,Eritrea厄利垂亞,Africa,2000,54.5,4272247,825
3463,Eritrea厄利垂亞,Africa,2010,62.19,3170435,567
3473,Eritrea厄利垂亞,Africa,2020,66.75,3546421,350
3483,Eritrea厄利垂亞,Africa,2030,70.78,4240213,429
3486,Ethiopia衣索比亞,Africa,1950,33.04,20799409,355
3496,Ethiopia衣索比亞,Africa,1960,38.7,24213469,403
3506,Ethiopia衣索比亞,Africa,1970,42.96,29606342,546
3516,Ethiopia衣索比亞,Africa,1980,44.75,36714173,569
3526,Ethiopia衣索比亞,Africa,1990,47.53,48452947,482
3536,Ethiopia衣索比亞,Africa,2000,50.2,64712599,524
3546,Ethiopia衣索比亞,Africa,2010,61.63,87639964,669
3556,Ethiopia衣索比亞,Africa,2020,66.98,114963588,500
3566,Ethiopia衣索比亞,Africa,2030,70.66,144944299,1210
3569,Finland芬蘭,Europe,1950,66.17,4028968,5976
3579,Finland芬蘭,Europe,1960,68.25,4424466,8641
3589,Finland芬蘭,Europe,1970,70.45,4626092,12984
3599,Finland芬蘭,Europe,1980,73.74,4791721,17362
3609,Finland芬蘭,Europe,1990,75.35,4997315,20845
3619,Finland芬蘭,Europe,2000,77.87,5169586,26412
3629,Finland芬蘭,Europe,2010,79.87,5365782,37216
3639,Finland芬蘭,Europe,2020,81.94,5540720,45100
3649,Finland芬蘭,Europe,2030,82.96,5580537,54700
3652,France法國,Europe,1950,66.8,42398135,6377
3662,France法國,Europe,1960,69.88,45998745,9801
3672,France法國,Europe,1970,72.05,50866800,14864
3682,France法國,Europe,1980,74.47,53926147,19493
3692,France法國,Europe,1990,77.01,56676547,23649
3702,France法國,Europe,2000,79.21,59404392,27712
3712,France法國,Europe,2010,81.66,62879530,33932
3722,France法國,Europe,2020,83.02,65273511,41800
3732,France法國,Europe,2030,84.51,66695702,49800
3735,Gabon加彭,Africa,1950,36.2,359170,4020
3745,Gabon加彭,Africa,1960,39.89,447358,5969
3755,Gabon加彭,Africa,1970,47.05,518388,10185
3765,Gabon加彭,Africa,1980,55.05,734871,17766
3775,Gabon加彭,Africa,1990,60.9,943602,12859
3785,Gabon加彭,Africa,2000,58.24,1230058,13402
3795,Gabon加彭,Africa,2010,61.4,1624140,12187
3805,Gabon加彭,Africa,2020,66.88,2225734,8900
3815,Gabon加彭,Africa,2030,70.36,2744451,10000
3818,Gambia甘比亞,Africa,1950,29.17,222788,471
3828,Gambia甘比亞,Africa,1960,33.16,353672,568
3838,Gambia甘比亞,Africa,1970,37.33,486098,748
3848,Gambia甘比亞,Africa,1980,44.08,672623,855
3858,Gambia甘比亞,Africa,1990,51.29,954593,644
3868,Gambia甘比亞,Africa,2000,57.17,1368966,658
3878,Gambia甘比亞,Africa,2010,59.64,1793196,767
3888,Gambia甘比亞,Africa,2020,62.33,2416668,700
3898,Gambia甘比亞,Africa,2030,65.28,3170685,1005
3901,Germany德國,Europe,1950,66.86,69084420,5927
3911,Germany德國,Europe,1960,69.82,72651098,11817
3921,Germany德國,Europe,1970,70.92,77777634,16708
3931,Germany德國,Europe,1980,73.28,78265469,21424
3941,Germany德國,Europe,1990,75.58,79445978,25759
3951,Germany德國,Europe,2000,78.14,82214832,29137
3961,Germany德國,Europe,2010,79.99,80827002,36035
3971,Germany德國,Europe,2020,80.69,83783942,46500
3981,Germany德國,Europe,2030,79.69,83135644,55300
3984,Ghana迦納,Africa,1950,42.5,5519469,858
3994,Ghana迦納,Africa,1960,45.78,6969664,1131
4004,Ghana迦納,Africa,1970,49.15,9008557,1157
4014,Ghana迦納,Africa,1980,52.95,11055440,923
4024,Ghana迦納,Africa,1990,56.79,15434483,894
4034,Ghana迦納,Africa,2000,58.49,19697766,1069
4044,Ghana迦納,Africa,2010,61.03,24779619,1467
4054,Ghana迦納,Africa,2020,64.41,31072940,1700
4064,Ghana迦納,Africa,2030,67.58,37833419,3150
4067,Greece希臘,Europe,1950,65.06,7671718,2976
4077,Greece希臘,Europe,1960,68.85,8307427,5577
4087,Greece希臘,Europe,1970,71.8,8819753,11040
4097,Greece希臘,Europe,1980,74.62,9595280,14839
4107,Greece希臘,Europe,1990,76.89,10185053,16973
4117,Greece希臘,Europe,2000,78.1,10563267,21008
4127,Greece希臘,Europe,2010,80.39,10887637,26660
4137,Greece希臘,Europe,2020,82.79,10423054,22500
4147,Greece希臘,Europe,2030,87.79,9917250,29500
4150,Guatemala瓜地馬拉,Americas,1950,41.18,3084849,2353
4160,Guatemala瓜地馬拉,Americas,1960,45.83,3981665,2697
4170,Guatemala瓜地馬拉,Americas,1970,52.25,4966058,3716
4180,Guatemala瓜地馬拉,Americas,1980,57.29,6118750,4844
4190,Guatemala瓜地馬拉,Americas,1990,62.34,8022732,4362
4200,Guatemala瓜地馬拉,Americas,2000,67.92,10628740,4789
4210,Guatemala瓜地馬拉,Americas,2010,71.48,14630417,4743
4220,Guatemala瓜地馬拉,Americas,2020,74.57,17915568,3340
4230,Guatemala瓜地馬拉,Americas,2030,77.1,21212561,4210
4233,Guinea幾內亞,Africa,1950,33.23,2602717,484
4243,Guinea幾內亞,Africa,1960,35.28,3034692,642
4253,Guinea幾內亞,Africa,1970,38.18,3667399,729
4263,Guinea幾內亞,Africa,1980,42.04,4517109,864
4273,Guinea幾內亞,Africa,1990,47.37,6454449,799
4283,Guinea幾內亞,Africa,2000,52.79,8504224,915
4293,Guinea幾內亞,Africa,2010,56.86,10192176,937
4303,Guinea幾內亞,Africa,2020,62.14,13132795,800
4313,Guinea幾內亞,Africa,2030,66.93,17020915,1590
4316,Guinea-Bissau幾內亞比索,Africa,1950,32.1,519121,247
4326,Guinea-Bissau幾內亞比索,Africa,1960,34.09,617130,486
4336,Guinea-Bissau幾內亞比索,Africa,1970,36.09,615731,778
4346,Guinea-Bissau幾內亞比索,Africa,1980,38.58,793683,809
4356,Guinea-Bissau幾內亞比索,Africa,1990,42.46,1001572,742
4366,Guinea-Bissau幾內亞比索,Africa,2000,45.25,1276959,664
4376,Guinea-Bissau幾內亞比索,Africa,2010,54.63,1522599,593
4386,Guinea-Bissau幾內亞比索,Africa,2020,58.66,1968001,585
4396,Guinea-Bissau幾內亞比索,Africa,2030,61.96,2461208,810
4399,Haiti海地,Americas,1950,36.33,3139956,1886
4409,Haiti海地,Americas,1960,42.43,3731158,1769
4419,Haiti海地,Americas,1970,47.32,4546235,1573
4429,Haiti海地,Americas,1980,50.85,5082461,1956
4439,Haiti海地,Americas,1990,54.51,6098490,1603
4449,Haiti海地,Americas,2000,57.55,7330009,1299
4459,Haiti海地,Americas,2010,60.51,9949322,1080
4469,Haiti海地,Americas,2020,64.4,11402528,695
4479,Haiti海地,Americas,2030,68.1,12733238,779
4482,Honduras宏都拉斯,Americas,1950,40.81,1455921,2185
4492,Honduras宏都拉斯,Americas,1960,46.69,1962253,2263
4502,Honduras宏都拉斯,Americas,1970,52.7,2779363,2533
4512,Honduras宏都拉斯,Americas,1980,59.51,3423763,3154
4522,Honduras宏都拉斯,Americas,1990,65.64,4795289,3058
4532,Honduras宏都拉斯,Americas,2000,68.2,6353580,3124
4542,Honduras宏都拉斯,Americas,2010,73.32,8317470,3222
4552,Honduras宏都拉斯,Americas,2020,75.47,9904607,2080
4562,Honduras宏都拉斯,Americas,2030,77.37,11449249,2730
4565,"Hong Kong, China香港",Asia,1950,59.44,2064368,2825
4575,"Hong Kong, China香港",Asia,1960,66.49,3077640,4267
4585,"Hong Kong, China香港",Asia,1970,71.2,3958540,7469
4595,"Hong Kong, China香港",Asia,1980,74.71,4992180,13211
4605,"Hong Kong, China香港",Asia,1990,77.04,5731622,22870
4615,"Hong Kong, China香港",Asia,2000,80.9,6655853,29476
4625,"Hong Kong, China香港",Asia,2010,82.98,6966331,39283
4635,"Hong Kong, China香港",Asia,2020,85.44,7496981,36060
4645,"Hong Kong, China香港",Asia,2030,87.98,8018670,49179
4648,Hungary匈牙利,Europe,1950,63.08,9442468,4953
4658,Hungary匈牙利,Europe,1960,67.34,9973400,6946
4668,Hungary匈牙利,Europe,1970,69.66,10325823,9832
4678,Hungary匈牙利,Europe,1980,69.61,10678189,12198
4688,Hungary匈牙利,Europe,1990,69.33,10454306,11516
4698,Hungary匈牙利,Europe,2000,71.97,10147861,13591
4708,Hungary匈牙利,Europe,2010,74.21,9927370,17873
4718,Hungary匈牙利,Europe,2020,76.56,9660351,16200
4728,Hungary匈牙利,Europe,2030,79.05,9338446,28800
4731,Iceland冰島,Europe,1950,72.1,86430,6477
4741,Iceland冰島,Europe,1960,73.6,175276,9908
4751,Iceland冰島,Europe,1970,74.17,205035,14807
4761,Iceland冰島,Europe,1980,76.64,229127,21824
4771,Iceland冰島,Europe,1990,78.15,253278,25856
4781,Iceland冰島,Europe,2000,79.88,281295,29922
4791,Iceland冰島,Europe,2010,81.9,320328,39969
4801,Iceland冰島,Europe,2020,83.26,341243,49000
4811,Iceland冰島,Europe,2030,85.26,359711,60000
4814,India印度,Asia,1950,36.22,371938468,529
4824,India印度,Asia,1960,42.26,436000000,631
4834,India印度,Asia,1970,49.27,542600000,715
4844,India印度,Asia,1980,55.64,678400000,839
4854,India印度,Asia,1990,59.56,838400000,1089
4864,India印度,Asia,2000,62.43,1004103528,1632
4874,India印度,Asia,2010,66.69,1234281170,2381
4884,India印度,Asia,2020,69.92,1380004385,1900
4894,India印度,Asia,2030,72.43,1503642322,4080
4897,Indonesia印尼,Asia,1950,36.49,81990468,706
4907,Indonesia印尼,Asia,1960,41.48,95466400,853
4917,Indonesia印尼,Asia,1970,47.91,116506400,972
4927,Indonesia印尼,Asia,1980,54.78,146695800,1463
4937,Indonesia印尼,Asia,1990,61.66,178600000,2129
4947,Indonesia印尼,Asia,2000,67.57,206347200,2972
4957,Indonesia印尼,Asia,2010,69.21,241834215,3768
4967,Indonesia印尼,Asia,2020,71.96,273523615,4200
4977,Indonesia印尼,Asia,2030,74.23,299198430,6700
4980,Iran伊朗,Asia,1950,43.94,17210468,2933
4990,Iran伊朗,Asia,1960,48.47,21641200,3829
5000,Iran伊朗,Asia,1970,54.13,28983600,8131
5010,Iran伊朗,Asia,1980,58.85,40035922,9320
5020,Iran伊朗,Asia,1990,64.66,56994662,6999
5030,Iran伊朗,Asia,2000,68.89,65475890,8850
5040,Iran伊朗,Asia,2010,73.91,73762519,10441
5050,Iran伊朗,Asia,2020,76.9,83992949,6500
5060,Iran伊朗,Asia,2030,78.98,92663708,10300
5063,Iraq伊拉克,Asia,1950,44.07,5380234,3290
5073,Iraq伊拉克,Asia,1960,50.25,6843613,7497
5083,Iraq伊拉克,Asia,1970,55.95,9444616,9318
5093,Iraq伊拉克,Asia,1980,61.39,13257157,14586
5103,Iraq伊拉克,Asia,1990,61.69,17334419,6905
5113,Iraq伊拉克,Asia,2000,57.75,22711371,3865
5123,Iraq伊拉克,Asia,2010,68.57,29741976,4751
5133,Iraq伊拉克,Asia,2020,70.77,40222493,5350
5143,Iraq伊拉克,Asia,2030,72.37,50193756,9100
5146,Ireland愛爾蘭,Europe,1950,66.11,2890624,5055
5156,Ireland愛爾蘭,Europe,1960,69.73,2849288,6219
5166,Ireland愛爾蘭,Europe,1970,71.2,2974680,8781
5176,Ireland愛爾蘭,Europe,1980,72.67,3396760,12031
5186,Ireland愛爾蘭,Europe,1990,75.02,3550617,16084
5196,Ireland愛爾蘭,Europe,2000,77.12,3794386,30255
5206,Ireland愛爾蘭,Europe,2010,80.74,4554321,50433
5216,Ireland愛爾蘭,Europe,2020,82.46,4937786,77000
5226,Ireland愛爾蘭,Europe,2030,83.46,5248041,92000
5229,Israel以色列,Asia,1950,64.41,1559382,3567
5239,Israel以色列,Asia,1960,68.77,2164303,6417
5249,Israel以色列,Asia,1970,71.28,2934970,11030
5259,Israel以色列,Asia,1980,73.89,3713420,14543
5269,Israel以色列,Asia,1990,76.4,4643189,17680
5279,Israel以色列,Asia,2000,79.13,5830272,21502
5289,Israel以色列,Asia,2010,81.6,7346446,27966
5299,Israel以色列,Asia,2020,83.3,8655535,33042
5309,Israel以色列,Asia,2030,85.82,9979698,48414
5312,Italy意大利,Europe,1950,65.19,47604468,4405
5322,Italy意大利,Europe,1960,68.67,50178720,7446
5332,Italy意大利,Europe,1970,71.74,53686178,11371
5342,Italy意大利,Europe,1980,74.38,56345080,15625
5352,Italy意大利,Europe,1990,77.03,56796389,20891
5362,Italy意大利,Europe,2000,79.67,57747987,26651
5372,Italy意大利,Europe,2010,82.04,59325229,30331
5382,Italy意大利,Europe,2020,84.15,60461826,33800
5392,Italy意大利,Europe,2030,88.15,59031475,40000
5395,Jamaica牙買加,Americas,1950,56.9,1364563,2155
5405,Jamaica牙買加,Americas,1960,64.41,1613113,5050
5415,Jamaica牙買加,Americas,1970,68.4,1943008,6910
5425,Jamaica牙買加,Americas,1980,70.77,2241711,6301
5435,Jamaica牙買加,Americas,1990,71.77,2357813,6983
5445,Jamaica牙買加,Americas,2000,72.13,2611320,7046
5455,Jamaica牙買加,Americas,2010,74.04,2810460,6707
5465,Jamaica牙買加,Americas,2020,74.57,2961167,4500
5475,Jamaica牙買加,Americas,2030,75.58,3047974,6000
5478,Japan日本,Asia,1950,62.04,86397493,2777
5488,Japan日本,Asia,1960,67.44,94124258,5673
5498,Japan日本,Asia,1970,72.62,104643075,12806
5508,Japan日本,Asia,1980,76.42,116621974,18275
5518,Japan日本,Asia,1990,79.08,123434091,25045
5528,Japan日本,Asia,2000,81.48,126622104,28689
5538,Japan日本,Asia,2010,82.84,128542353,36039
5548,Japan日本,Asia,2020,84.43,126476461,47200
5558,Japan日本,Asia,2030,85.55,120758057,56300
5561,Jordan約旦,Asia,1950,42.15,546382,1411
5571,Jordan約旦,Asia,1960,47.14,858759,2163
5581,Jordan約旦,Asia,1970,54.57,1470154,2363
5591,Jordan約旦,Asia,1980,62.7,2183279,3638
5601,Jordan約旦,Asia,1990,67.16,3448462,3838
5611,Jordan約旦,Asia,2000,70.67,4994976,3765
5621,Jordan約旦,Asia,2010,73.43,7261539,4211
5631,Jordan約旦,Asia,2020,74.63,10203134,3000
5641,Jordan約旦,Asia,2030,75.76,10655181,4450
5644,Kenya肯亞,Africa,1950,41.3,6067753,817
5654,Kenya肯亞,Africa,1960,46.64,8189046,916
5664,Kenya肯亞,Africa,1970,52.4,11303476,1156
5674,Kenya肯亞,Africa,1980,57.72,16397033,1316
5684,Kenya肯亞,Africa,1990,59.31,23491556,1350
5694,Kenya肯亞,Africa,2000,52.36,30137636,1317
5704,Kenya肯亞,Africa,2010,60.96,42030676,1407
5714,Kenya肯亞,Africa,2020,67.21,53771296,1090
5724,Kenya肯亞,Africa,2030,71.54,66449654,2310
5727,"Korea, Dem. Rep.北韓(朝鮮)",Asia,1950,48.45,8469195,895
5737,"Korea, Dem. Rep.北韓(朝鮮)",Asia,1960,55.63,10315049,1601
5747,"Korea, Dem. Rep.北韓(朝鮮)",Asia,1970,62.37,13915548,3078
5757,"Korea, Dem. Rep.北韓(朝鮮)",Asia,1980,68.32,17118639,4106
5767,"Korea, Dem. Rep.北韓(朝鮮)",Asia,1990,70.25,20053847,3878
5777,"Korea, Dem. Rep.北韓(朝鮮)",Asia,2000,67.09,21963261,1664
5787,"Korea, Dem. Rep.北韓(朝鮮)",Asia,2010,69.57,24550443,1603
5797,"Korea, Dem. Rep.北韓(朝鮮)",Asia,2020,72.47,25990112,1723
5807,"Korea, Dem. Rep.北韓(朝鮮)",Asia,2030,74.32,27988434,2160
5810,"Korea, Rep.韓國",Asia,1950,45.36,20551278,848
5820,"Korea, Rep.韓國",Asia,1960,54.25,24896805,1517
5830,"Korea, Rep.韓國",Asia,1970,60.65,32155400,2630
5840,"Korea, Rep.韓國",Asia,1980,66.18,38170000,5237
5850,"Korea, Rep.韓國",Asia,1990,71.27,42932070,10676
5860,"Korea, Rep.韓國",Asia,2000,76.09,47251016,17938
5870,"Korea, Rep.韓國",Asia,2010,80.12,49552332,24663
5880,"Korea, Rep.韓國",Asia,2020,82.63,52338331,26900
5890,"Korea, Rep.韓國",Asia,2030,82.63,53482991,32755
5893,Kuwait科威特,Asia,1950,54.58,138862,106326
5903,Kuwait科威特,Asia,1960,59.5,300098,102684
5913,Kuwait科威特,Asia,1970,66.48,735162,97967
5923,Kuwait科威特,Asia,1980,70.52,1354639,42519
5933,Kuwait科威特,Asia,1990,74.78,1607452,32207
5943,Kuwait科威特,Asia,2000,76.6,1973075,37186
5953,Kuwait科威特,Asia,2010,74.36,2991884,43655
5963,Kuwait科威特,Asia,2020,75.57,4270571,30000
5973,Kuwait科威特,Asia,2030,76.44,4747081,41000
5976,Lebanon黎巴嫩,Asia,1950,54.5,1043236,4333
5986,Lebanon黎巴嫩,Asia,1960,61.05,1791074,5865
5996,Lebanon黎巴嫩,Asia,1970,64.8,2482768,6895
6006,Lebanon黎巴嫩,Asia,1980,66.63,3098440,8048
6016,Lebanon黎巴嫩,Asia,1990,68.75,3167738,6285
6026,Lebanon黎巴嫩,Asia,2000,70.72,3578823,9090
6036,Lebanon黎巴嫩,Asia,2010,78.36,4953061,9310
6046,Lebanon黎巴嫩,Asia,2020,78.96,6825445,5720
6056,Lebanon黎巴嫩,Asia,2030,79.38,6194844,6712
6059,Lesotho賴索托,Africa,1950,40.97,352454,284
6069,Lesotho賴索托,Africa,1960,46.67,861221,381
6079,Lesotho賴索托,Africa,1970,49.26,1068619,497
6089,Lesotho賴索托,Africa,1980,53.93,1347694,777
6099,Lesotho賴索托,Africa,1990,58.68,1721597,896
6109,Lesotho賴索托,Africa,2000,48.98,2021192,1240
6119,Lesotho賴索托,Africa,2010,45.1,1995581,1523
6129,Lesotho賴索托,Africa,2020,55.22,2142249,1300
6139,Lesotho賴索托,Africa,2030,62.8,2325164,2270
6142,Liberia賴比瑞亞,Africa,1950,38.08,467015,557
6152,Liberia賴比瑞亞,Africa,1960,40.1,1058058,629
6162,Liberia賴比瑞亞,Africa,1970,42.18,1401339,767
6172,Liberia賴比瑞亞,Africa,1980,44.42,1855572,599
6182,Liberia賴比瑞亞,Africa,1990,42.89,2055550,584
6192,Liberia賴比瑞亞,Africa,2000,43.14,2569081,563
6202,Liberia賴比瑞亞,Africa,2010,59.6,3891356,440
6212,Liberia賴比瑞亞,Africa,2020,64.6,5057681,475
6222,Liberia賴比瑞亞,Africa,2030,68.95,6371553,1525
6225,Libya利比亞,Africa,1950,41.7,623436,1963
6235,Libya利比亞,Africa,1960,46.8,1345749,5434
6245,Libya利比亞,Africa,1970,51.75,2014016,20116
6255,Libya利比亞,Africa,1980,60.27,3095158,19199
6265,Libya利比亞,Africa,1990,67.75,4138639,10492
6275,Libya利比亞,Africa,2000,72.26,5125019,9508
6285,Libya利比亞,Africa,2010,72.04,6197663,11074
6295,Libya利比亞,Africa,2020,73.13,6871292,6400
6305,Libya利比亞,Africa,2030,75.17,7606415,8550
6308,Madagascar馬達加斯加,Africa,1950,35.81,4366619,1385
6318,Madagascar馬達加斯加,Africa,1960,40.05,5494666,1622
6328,Madagascar馬達加斯加,Africa,1970,44.06,6783280,1703
6338,Madagascar馬達加斯加,Africa,1980,48.13,8705753,1399
6348,Madagascar馬達加斯加,Africa,1990,51.07,11553694,1087
6358,Madagascar馬達加斯加,Africa,2000,56.36,15550132,931
6368,Madagascar馬達加斯加,Africa,2010,63.39,21151640,909
6378,Madagascar馬達加斯加,Africa,2020,67.42,27691018,360
6388,Madagascar馬達加斯加,Africa,2030,71.12,35622321,645
6391,Malawi馬拉威,Africa,1950,35.88,2521509,350
6401,Malawi馬拉威,Africa,1960,37.93,3465660,423
6411,Malawi馬拉威,Africa,1970,40.85,4497499,549
6421,Malawi馬拉威,Africa,1980,44.89,6156593,645
6431,Malawi馬拉威,Africa,1990,48.63,9138448,592
6441,Malawi馬拉威,Africa,2000,46.0,11262693,676
6451,Malawi馬拉威,Africa,2010,55.56,14539612,700
6461,Malawi馬拉威,Africa,2020,64.84,19129952,480
6471,Malawi馬拉威,Africa,2030,70.03,24849440,694
6474,Malaysia馬來西亞,Asia,1950,47.01,6352085,1840
6484,Malaysia馬來西亞,Asia,1960,54.28,8439525,1946
6494,Malaysia馬來西亞,Asia,1970,61.55,10926828,2621
6504,Malaysia馬來西亞,Asia,1980,66.9,13803302,4483
6514,Malaysia馬來西亞,Asia,1990,70.22,17524415,6467
6524,Malaysia馬來西亞,Asia,2000,72.6,21787855,10177
6534,Malaysia馬來西亞,Asia,2010,74.49,28208035,12458
6544,Malaysia馬來西亞,Asia,2020,76.34,32365999,12150
6554,Malaysia馬來西亞,Asia,2030,78.03,36095054,16100
6557,Mali馬利,Africa,1950,33.04,3441875,437
6567,Mali馬利,Africa,1960,36.28,4510977,494
6577,Mali馬利,Africa,1970,39.38,5581861,567
6587,Mali馬利,Africa,1980,43.04,6795613,645
6597,Mali馬利,Africa,1990,47.58,8103332,717
6607,Mali馬利,Africa,2000,51.05,10102099,887
6617,Mali馬利,Africa,2010,55.25,15049353,980
6627,Mali馬利,Africa,2020,59.78,20250833,700
6637,Mali馬利,Africa,2030,64.19,26957396,1615
6640,Mauritania茅利塔尼亞,Africa,1950,39.83,626263,702
6650,Mauritania茅利塔尼亞,Africa,1960,43.48,1118795,972
6660,Mauritania茅利塔尼亞,Africa,1970,47.58,1291888,1521
6670,Mauritania茅利塔尼亞,Africa,1980,52.5,1555957,1488
6680,Mauritania茅利塔尼亞,Africa,1990,57.46,2008175,1385
6690,Mauritania茅利塔尼亞,Africa,2000,61.52,2675211,1541
6700,Mauritania茅利塔尼亞,Africa,2010,62.53,3494195,1791
6710,Mauritania茅利塔尼亞,Africa,2020,65.18,5967168,1630
6720,Mauritania茅利塔尼亞,Africa,2030,67.58,4649658,1930
6723,Mauritius模里西斯,Africa,1950,48.14,120263,1942
6733,Mauritius模里西斯,Africa,1960,59.38,664536,2331
6743,Mauritius模里西斯,Africa,1970,62.39,826524,2535
6753,Mauritius模里西斯,Africa,1980,66.0,960434,3697
6763,Mauritius模里西斯,Africa,1990,69.34,1074786,5548
6773,Mauritius模里西斯,Africa,2000,71.47,1180051,8383
6783,Mauritius模里西斯,Africa,2010,72.97,1247955,10955
6793,Mauritius模里西斯,Africa,2020,74.22,1271768,8900
6803,Mauritius模里西斯,Africa,2030,73.24,1274041,21200
6806,Mexico墨西哥,Americas,1950,49.03,29748024,3217
6816,Mexico墨西哥,Americas,1960,57.06,38679110,4402
6826,Mexico墨西哥,Americas,1970,61.46,52788800,6388
6836,Mexico墨西哥,Americas,1980,66.46,68488533,8837
6846,Mexico墨西哥,Americas,1990,70.67,84915615,9159
6856,Mexico墨西哥,Americas,2000,74.41,99846015,10352
6866,Mexico墨西哥,Americas,2010,75.07,114092963,11552
6876,Mexico墨西哥,Americas,2020,75.08,128932753,9800
6886,Mexico墨西哥,Americas,2030,75.53,140875762,11970
6889,Mongolia蒙古,Asia,1950,41.04,404370,736
6899,Mongolia蒙古,Asia,1960,47.05,959022,999
6909,Mongolia蒙古,Asia,1970,52.75,1252100,1343
6919,Mongolia蒙古,Asia,1980,56.69,1664819,1859
6929,Mongolia蒙古,Asia,1990,60.85,2193734,2006
6939,Mongolia蒙古,Asia,2000,64.47,2602462,2045
6949,Mongolia蒙古,Asia,2010,67.38,2719896,3409
6959,Mongolia蒙古,Asia,2020,70.05,3278290,4584
6969,Mongolia蒙古,Asia,2030,71.85,3716210,6514
6972,Montenegro蒙特內哥羅(黑山),Europe,1950,58.25,17541,2234
6982,Montenegro蒙特內哥羅(黑山),Europe,1960,62.82,461848,4263
6992,Montenegro蒙特內哥羅(黑山),Europe,1970,69.25,517021,7030
7002,Montenegro蒙特內哥羅(黑山),Europe,1980,73.69,561558,10572
7012,Montenegro蒙特內哥羅(黑山),Europe,1990,75.21,600762,8895
7022,Montenegro蒙特內哥羅(黑山),Europe,2000,74.57,709198,6521
7032,Montenegro蒙特內哥羅(黑山),Europe,2010,75.15,624275,9077
7042,Montenegro蒙特內哥羅(黑山),Europe,2020,76.98,628066,7500
7052,Montenegro蒙特內哥羅(黑山),Europe,2030,78.01,624059,10700
7055,Morocco摩洛哥,Africa,1950,41.85,9542924,1707
7065,Morocco摩洛哥,Africa,1960,46.92,12396502,1597
7075,Morocco摩洛哥,Africa,1970,51.85,15904520,1843
7085,Morocco摩洛哥,Africa,1980,58.08,19478014,2570
7095,Morocco摩洛哥,Africa,1990,64.31,24673902,2871
7105,Morocco摩洛哥,Africa,2000,68.83,30112470,3148
7115,Morocco摩洛哥,Africa,2010,74.38,32343389,3714
7125,Morocco摩洛哥,Africa,2020,76.92,36910560,3150
7135,Morocco摩洛哥,Africa,2030,79.27,40887295,4230
7138,Mozambique莫三比克,Africa,1950,30.29,6050023,458
7148,Mozambique莫三比克,Africa,1960,35.21,7488580,532
7158,Mozambique莫三比克,Africa,1970,39.44,9358121,662
7168,Mozambique莫三比克,Africa,1980,42.68,12003481,478
7178,Mozambique莫三比克,Africa,1990,43.71,13053219,402
7188,Mozambique莫三比克,Africa,2000,44.95,17725602,569
7198,Mozambique莫三比克,Africa,2010,52.31,23531845,765
7208,Mozambique莫三比克,Africa,2020,61.87,31255435,520
7218,Mozambique莫三比克,Africa,2030,70.41,41184834,735
7221,Myanmar緬甸,Asia,1950,34.08,19696703,323
7231,Myanmar緬甸,Asia,1960,43.83,22873399,373
7241,Myanmar緬甸,Asia,1970,51.59,27427942,354
7251,Myanmar緬甸,Asia,1980,57.26,33419500,403
7261,Myanmar緬甸,Asia,1990,58.93,39539354,362
7271,Myanmar緬甸,Asia,2000,60.08,44657995,533
7281,Myanmar緬甸,Asia,2010,63.53,50600818,1110
7291,Myanmar緬甸,Asia,2020,67.49,54409800,1580
7301,Myanmar緬甸,Asia,2030,70.58,58478494,2350
7304,Namibia納米比亞,Africa,1950,40.32,89538,2345
7314,Namibia納米比亞,Africa,1960,47.12,592067,2953
7324,Namibia納米比亞,Africa,1970,52.78,775725,3765
7334,Namibia納米比亞,Africa,1980,57.96,1050216,4065
7344,Namibia納米比亞,Africa,1990,61.53,1443825,3760
7354,Namibia納米比亞,Africa,2000,54.45,1893198,4003
7364,Namibia納米比亞,Africa,2010,56.67,2118874,5050
7374,Namibia納米比亞,Africa,2020,64.08,2540905,5200
7384,Namibia納米比亞,Africa,2030,67.6,3010871,9750
7387,Nepal尼泊爾,Asia,1950,35.55,8786243,525
7397,Nepal尼泊爾,Asia,1960,38.71,10072169,631
7407,Nepal尼泊爾,Asia,1970,42.97,11952232,675
7417,Nepal尼泊爾,Asia,1980,48.46,15051068,709
7427,Nepal尼泊爾,Asia,1990,54.45,19362597,849
7437,Nepal尼泊爾,Asia,2000,60.57,24724795,1039
7447,Nepal尼泊爾,Asia,2010,67.61,27013212,1033
7457,Nepal尼泊爾,Asia,2020,71.1,29136808,830
7467,Nepal尼泊爾,Asia,2030,74.19,33389536,1320
7470,Netherlands荷蘭,Europe,1950,71.79,9985695,8008
7480,Netherlands荷蘭,Europe,1960,73.13,11493967,12185
7490,Netherlands荷蘭,Europe,1970,73.78,13036653,17422
7500,Netherlands荷蘭,Europe,1980,75.73,14127436,21323
7510,Netherlands荷蘭,Europe,1990,77.18,14970658,25535
7520,Netherlands荷蘭,Europe,2000,78.33,15915484,32333
7530,Netherlands荷蘭,Europe,2010,80.7,16682917,41521
7540,Netherlands荷蘭,Europe,2020,81.91,17134872,52900
7550,Netherlands荷蘭,Europe,2030,82.43,17450322,65500
7553,New Zealand紐西蘭(奧特亞羅瓦),Oceania,1950,69.04,1598501,9880
7563,New Zealand紐西蘭(奧特亞羅瓦),Oceania,1960,70.85,2384893,12804
7573,New Zealand紐西蘭(奧特亞羅瓦),Oceania,1970,71.74,2848720,15413
7583,New Zealand紐西蘭(奧特亞羅瓦),Oceania,1980,73.19,3192350,17073
7593,New Zealand紐西蘭(奧特亞羅瓦),Oceania,1990,75.53,3389471,18621
7603,New Zealand紐西蘭(奧特亞羅瓦),Oceania,2000,78.49,3815297,22334
7613,New Zealand紐西蘭(奧特亞羅瓦),Oceania,2010,80.7,4370062,28637
7623,New Zealand紐西蘭(奧特亞羅瓦),Oceania,2020,82.26,4822233,37300
7633,New Zealand紐西蘭(奧特亞羅瓦),Oceania,2030,84.26,5172962,45200
7636,Nicaragua尼加拉瓜,Americas,1950,41.07,769497,2974
7646,Nicaragua尼加拉瓜,Americas,1960,47.35,1497889,3564
7656,Nicaragua尼加拉瓜,Americas,1970,53.84,2055941,4671
7666,Nicaragua尼加拉瓜,Americas,1980,58.57,2809493,4277
7676,Nicaragua尼加拉瓜,Americas,1990,64.31,3748505,2484
7686,Nicaragua尼加拉瓜,Americas,2000,69.87,4931938,2386
7696,Nicaragua尼加拉瓜,Americas,2010,72.43,5824065,2503
7706,Nicaragua尼加拉瓜,Americas,2020,74.69,6624554,1610
7716,Nicaragua尼加拉瓜,Americas,2030,76.76,7391881,2690
7719,Niger尼日,Africa,1950,36.98,2983175,732
7729,Niger尼日,Africa,1960,39.13,3922478,933
7739,Niger尼日,Africa,1970,40.37,4849782,994
7749,Niger尼日,Africa,1980,42.1,6135147,869
7759,Niger尼日,Africa,1990,46.3,7968746,616
7769,Niger尼日,Africa,2000,53.2,10550894,593
7779,Niger尼日,Africa,2010,57.3,16464025,604
7789,Niger尼日,Africa,2020,62.9,24206644,485
7799,Niger尼日,Africa,2030,67.1,34846020,845
7802,Nigeria奈及利亞,Africa,1950,35.7,32722803,1068
7812,Nigeria奈及利亞,Africa,1960,38.7,39992147,1131
7822,Nigeria奈及利亞,Africa,1970,42.1,51159152,1425
7832,Nigeria奈及利亞,Africa,1980,45.3,68707295,1739
7842,Nigeria奈及利亞,Africa,1990,47.2,88639154,1526
7852,Nigeria奈及利亞,Africa,2000,47.0,114423900,1619
7862,Nigeria奈及利亞,Africa,2010,50.9,158503197,2107
7872,Nigeria奈及利亞,Africa,2020,55.1,206139589,2250
7882,Nigeria奈及利亞,Africa,2030,58.9,262977337,3650
7885,Norway挪威,Europe,1950,72.4,2931435,9472
7895,Norway挪威,Europe,1960,73.5,3580127,12732
7905,Norway挪威,Europe,1970,74.2,3874210,17924
7915,Norway挪威,Europe,1980,75.7,4086154,25104
7925,Norway挪威,Europe,1990,76.8,4246273,32996
7935,Norway挪威,Europe,2000,78.8,4483623,43324
7945,Norway挪威,Europe,2010,81.0,4885878,60157
7955,Norway挪威,Europe,2020,83.1,5421241,89000
7965,Norway挪威,Europe,2030,84.5,5875913,98600
7968,Oman阿曼,Asia,1950,36.6,111540,1662
7978,Oman阿曼,Asia,1960,41.9,601689,2652
7988,Oman阿曼,Asia,1970,50.1,783340,8259
7998,Oman阿曼,Asia,1980,60.6,1182442,12512
8008,Oman阿曼,Asia,1990,69.8,1786678,18416
8018,Oman阿曼,Asia,2000,73.5,2541531,19746
8028,Oman阿曼,Asia,2010,75.7,3041434,20485
8038,Oman阿曼,Asia,2020,78.1,5106626,14430
8048,Oman阿曼,Asia,2030,80.5,5936081,19430
8051,Pakistan巴基斯坦,Asia,1950,42.6,40950267,660
8061,Pakistan巴基斯坦,Asia,1960,46.8,50532380,781
8071,Pakistan巴基斯坦,Asia,1970,51.1,65852312,1007
8081,Pakistan巴基斯坦,Asia,1980,55.3,86138327,1336
8091,Pakistan巴基斯坦,Asia,1990,59.8,114113755,1865
8101,Pakistan巴基斯坦,Asia,2000,62.9,146268048,2075
8111,Pakistan巴基斯坦,Asia,2010,65.3,179424641,2251
8121,Pakistan巴基斯坦,Asia,2020,67.5,220892340,1130
8131,Pakistan巴基斯坦,Asia,2030,69.1,262958794,1730
8134,Panama巴拿馬,Americas,1950,53.6,543787,2288
8144,Panama巴拿馬,Americas,1960,60.8,1154837,3307
8154,Panama巴拿馬,Americas,1970,65.4,1532025,4987
8164,Panama巴拿馬,Americas,1980,69.8,1957696,6347
8174,Panama巴拿馬,Americas,1990,72.1,2392454,6785
8184,Panama巴拿馬,Americas,2000,74.3,2888337,7259
8194,Panama巴拿馬,Americas,2010,76.8,3642687,10334
8204,Panama巴拿馬,Americas,2020,78.7,4314767,11400
8214,Panama巴拿馬,Americas,2030,80.5,4927612,13600
8217,Paraguay巴拉圭,Americas,1950,62.4,1159583,1915
8227,Paraguay巴拉圭,Americas,1960,63.9,1914249,2107
8237,Paraguay巴拉圭,Americas,1970,65.5,2483656,2434
8247,Paraguay巴拉圭,Americas,1980,66.7,3213661,3854
8257,Paraguay巴拉圭,Americas,1990,67.9,4244972,4117
8267,Paraguay巴拉圭,Americas,2000,70.2,5592344,3969
8277,Paraguay巴拉圭,Americas,2010,72.7,6248020,4457
8287,Paraguay巴拉圭,Americas,2020,74.4,7132538,5150
8297,Paraguay巴拉圭,Americas,2030,75.8,7949971,6020
8300,Peru秘魯,Americas,1950,43.0,7629407,3564
8310,Peru秘魯,Americas,1960,48.0,9968340,4672
8320,Peru秘魯,Americas,1970,53.9,13225700,5878
8330,Peru秘魯,Americas,1980,60.2,17271117,6373
8340,Peru秘魯,Americas,1990,65.5,21536639,5212
8350,Peru秘魯,Americas,2000,69.3,25960910,5881
8360,Peru秘魯,Americas,2010,74.4,29027674,7178
8370,Peru秘魯,Americas,2020,77.0,32971854,6190
8380,Peru秘魯,Americas,2030,79.3,36030592,7200
8383,Philippines菲律賓,Asia,1950,46.3,22042398,1163
8393,Philippines菲律賓,Asia,1960,53.4,28624036,1609
8403,Philippines菲律賓,Asia,1970,57.4,38652725,1919
8413,Philippines菲律賓,Asia,1980,61.3,50814449,2511
8423,Philippines菲律賓,Asia,1990,65.5,64318575,2243
8433,Philippines菲律賓,Asia,2000,69.6,79802248,2605
8443,Philippines菲律賓,Asia,2010,69.8,93966780,3227
8453,Philippines菲律賓,Asia,2020,71.4,109581078,3000
8463,Philippines菲律賓,Asia,2030,72.8,123697925,4420
8466,Poland波蘭,Europe,1950,59.5,25334258,3747
8476,Poland波蘭,Europe,1960,66.9,29491909,5097
8486,Poland波蘭,Europe,1970,70.4,32537878,7427
8496,Poland波蘭,Europe,1980,71.1,35584930,8874
8506,Poland波蘭,Europe,1990,71.0,38118702,8276
8516,Poland波蘭,Europe,2000,73.9,38637568,11265
8526,Poland波蘭,Europe,2010,76.3,38329781,15889
8536,Poland波蘭,Europe,2020,77.3,37846611,15500
8546,Poland波蘭,Europe,2030,75.8,36944563,24000
8549,Portugal葡萄牙,Europe,1950,59.1,8129757,2786
8559,Portugal葡萄牙,Europe,1960,63.2,8938940,4347
8569,Portugal葡萄牙,Europe,1970,68.2,9023470,7958
8579,Portugal葡萄牙,Europe,1980,71.8,9780830,11121
8589,Portugal葡萄牙,Europe,1990,74.5,9922724,14940
8599,Portugal葡萄牙,Europe,2000,76.8,10322886,19039
8609,Portugal葡萄牙,Europe,2010,79.0,10596058,21530
8619,Portugal葡萄牙,Europe,2020,81.1,10196709,25100
8629,Portugal葡萄牙,Europe,2030,80.1,9912679,32000
8632,Puerto Rico波多黎各,Americas,1950,62.6,1830707,2752
8642,Puerto Rico波多黎各,Americas,1960,69.2,2372828,4628
8652,Puerto Rico波多黎各,Americas,1970,71.7,2767864,8246
8662,Puerto Rico波多黎各,Americas,1980,73.6,3199732,10107
8672,Puerto Rico波多黎各,Americas,1990,74.2,3528893,13697
8682,Puerto Rico波多黎各,Americas,2000,76.6,3819536,18113
8692,Puerto Rico波多黎各,Americas,2010,78.4,3579841,21418
8702,Puerto Rico波多黎各,Americas,2020,80.1,2860853,27100
8712,Puerto Rico波多黎各,Americas,2030,81.5,2905352,29300
8715,Reunion留尼旺,Africa,1950,51.8,237300,2699
8725,Reunion留尼旺,Africa,1960,56.6,338820,3012
8735,Reunion留尼旺,Africa,1970,62.8,442589,4637
8745,Reunion留尼旺,Africa,1980,68.8,507524,4888
8755,Reunion留尼旺,Africa,1990,72.9,598129,5782
8765,Reunion留尼旺,Africa,2000,75.4,720313,6218
8775,Reunion留尼旺,Africa,2010,76.7,830519,26131
8785,Reunion留尼旺,Africa,2020,77.3,895312,35855
8795,Reunion留尼旺,Africa,2030,78.0,954806,37022
8798,Romania羅馬尼亞,Europe,1950,59.8,16609600,2825
8808,Romania羅馬尼亞,Europe,1960,65.7,18340163,4418
8818,Romania羅馬尼亞,Europe,1970,68.3,20111514,7395
8828,Romania羅馬尼亞,Europe,1980,69.6,22077474,9506
8838,Romania羅馬尼亞,Europe,1990,69.4,22752765,7838
8848,Romania羅馬尼亞,Europe,2000,70.7,22467585,7670
8858,Romania羅馬尼亞,Europe,2010,73.5,20471864,11139
8868,Romania羅馬尼亞,Europe,2020,75.5,19237691,10000
8878,Romania羅馬尼亞,Europe,2030,75.9,18306101,14600
8881,Rwanda盧安達,Africa,1950,39.4,2514527,475
8891,Rwanda盧安達,Africa,1960,43.1,3199480,523
8901,Rwanda盧安達,Africa,1970,44.8,4391092,638
8911,Rwanda盧安達,Africa,1980,44.9,6012645,861
8921,Rwanda盧安達,Africa,1990,31.1,7243631,649
8931,Rwanda盧安達,Africa,2000,45.1,8457313,832
8941,Rwanda盧安達,Africa,2010,63.4,10039338,873
8951,Rwanda盧安達,Africa,2020,69.4,12952218,750
8961,Rwanda盧安達,Africa,2030,73.0,16234387,1790
8964,Sao Tome and Principe聖多美普林西比(聖普),Africa,1950,45.5,39611,887
8974,Sao Tome and Principe聖多美普林西比(聖普),Africa,1960,50.7,63737,987
8984,Sao Tome and Principe聖多美普林西比(聖普),Africa,1970,55.7,74272,1474
8994,Sao Tome and Principe聖多美普林西比(聖普),Africa,1980,59.6,93874,1829
9004,Sao Tome and Principe聖多美普林西比(聖普),Africa,1990,62.3,119871,1464
9014,Sao Tome and Principe聖多美普林西比(聖普),Africa,2000,63.9,160466,1347
9024,Sao Tome and Principe聖多美普林西比(聖普),Africa,2010,67.4,180371,1525
9034,Sao Tome and Principe聖多美普林西比(聖普),Africa,2020,70.6,219159,1165
9044,Sao Tome and Principe聖多美普林西比(聖普),Africa,2030,73.0,268244,1880
9047,Saudi Arabia沙烏地阿拉伯,Asia,1950,38.7,3985277,5780
9057,Saudi Arabia沙烏地阿拉伯,Asia,1960,44.7,4733677,10239
9067,Saudi Arabia沙烏地阿拉伯,Asia,1970,52.3,6130933,21664
9077,Saudi Arabia沙烏地阿拉伯,Asia,1980,61.3,10004205,33883
9087,Saudi Arabia沙烏地阿拉伯,Asia,1990,67.8,16015412,23384
9097,Saudi Arabia沙烏地阿拉伯,Asia,2000,71.2,23192822,19643
9107,Saudi Arabia沙烏地阿拉伯,Asia,2010,73.9,27421461,21377
9117,Saudi Arabia沙烏地阿拉伯,Asia,2020,75.3,34813871,20490
9127,Saudi Arabia沙烏地阿拉伯,Asia,2030,76.5,39322338,22287
9130,Senegal塞內加爾,Africa,1950,36.5,2735189,1403
9140,Senegal塞內加爾,Africa,1960,40.6,3279965,1620
9150,Senegal塞內加爾,Africa,1970,44.9,4339554,1604
9160,Senegal塞內加爾,Africa,1980,51.0,5793012,1536
9170,Senegal塞內加爾,Africa,1990,57.2,7853291,1397
9180,Senegal塞內加爾,Africa,2000,61.0,10336148,1469
9190,Senegal塞內加爾,Africa,2010,64.3,12678148,1680
9200,Senegal塞內加爾,Africa,2020,68.2,16743927,1430
9210,Senegal塞內加爾,Africa,2030,71.1,21551460,2955
9213,Serbia塞爾維亞,Europe,1950,56.5,6839747,3022
9223,Serbia塞爾維亞,Europe,1960,63.4,7478090,5766
9233,Serbia塞爾維亞,Europe,1970,68.0,8176462,9510
9243,Serbia塞爾維亞,Europe,1980,70.2,8894241,14301
9253,Serbia塞爾維亞,Europe,1990,71.5,9588151,11943
9263,Serbia塞爾維亞,Europe,2000,72.8,10201573,7507
9273,Serbia塞爾維亞,Europe,2010,74.3,8991254,9143
9283,Serbia塞爾維亞,Europe,2020,76.6,8737371,6900
9293,Serbia塞爾維亞,Europe,2030,80.1,8250431,8450
9296,Sierra Leone獅子山,Africa,1950,29.8,2122849,830
9306,Sierra Leone獅子山,Africa,1960,32.3,2399008,1072
9316,Sierra Leone獅子山,Africa,1970,34.9,2792284,1295
9326,Sierra Leone獅子山,Africa,1980,37.8,3335072,1418
9336,Sierra Leone獅子山,Africa,1990,39.0,4104092,1159
9346,Sierra Leone獅子山,Africa,2000,40.6,5046740,650
9356,Sierra Leone獅子山,Africa,2010,49.4,6415634,769
9366,Sierra Leone獅子山,Africa,2020,55.1,7976983,400
9376,Sierra Leone獅子山,Africa,2030,59.3,9648691,1140
9379,Singapore新加坡,Asia,1950,59.3,1106600,2104
9389,Singapore新加坡,Asia,1960,64.8,1628492,3342
9399,Singapore新加坡,Asia,1970,68.9,2082480,7150
9409,Singapore新加坡,Asia,1980,71.4,2521241,13586
9419,Singapore新加坡,Asia,1990,74.9,3059340,22407
9429,Singapore新加坡,Asia,2000,78.1,4039589,35022
9439,Singapore新加坡,Asia,2010,81.5,5131172,50065
9449,Singapore新加坡,Asia,2020,83.3,5850342,58500
9459,Singapore新加坡,Asia,2030,83.8,6262466,73000
9462,Slovak Republic斯洛伐克,Europe,1950,63.1,3537737,4667
9472,Slovak Republic斯洛伐克,Europe,1960,69.2,4080141,6926
9482,Slovak Republic斯洛伐克,Europe,1970,70.6,4532955,9170
9492,Slovak Republic斯洛伐克,Europe,1980,70.7,4959947,11178
9502,Slovak Republic斯洛伐克,Europe,1990,71.3,5261460,10514
9512,Slovak Republic斯洛伐克,Europe,2000,73.4,5399235,13034
9522,Slovak Republic斯洛伐克,Europe,2010,75.1,5404294,19269
9532,Slovak Republic斯洛伐克,Europe,2020,77.5,5459642,19300
9542,Slovak Republic斯洛伐克,Europe,2030,78.5,5403400,25900
9545,Slovenia斯洛維尼亞,Europe,1950,64.7,1469118,3556
9555,Slovenia斯洛維尼亞,Europe,1960,68.6,1563005,6786
9565,Slovenia斯洛維尼亞,Europe,1970,69.6,1675471,11192
9575,Slovenia斯洛維尼亞,Europe,1980,71.0,1815519,16831
9585,Slovenia斯洛維尼亞,Europe,1990,73.1,1977874,16000
9595,Slovenia斯洛維尼亞,Europe,2000,76.1,2011543,19260
9605,Slovenia斯洛維尼亞,Europe,2010,79.4,2043337,26114
9615,Slovenia斯洛維尼亞,Europe,2020,82.1,2078938,25000
9625,Slovenia斯洛維尼亞,Europe,2030,85.6,2056193,35000
9628,Somalia索馬利亞,Africa,1950,32.2,2506594,1087
9638,Somalia索馬利亞,Africa,1960,36.2,2960258,1325
9648,Somalia索馬利亞,Africa,1970,40.2,3675632,1267
9658,Somalia索馬利亞,Africa,1980,42.6,5238802,1286
9668,Somalia索馬利亞,Africa,1990,41.6,6428623,993
9678,Somalia索馬利亞,Africa,2000,45.1,7305392,901
9688,Somalia索馬利亞,Africa,2010,54.3,12043883,1025
9698,Somalia索馬利亞,Africa,2020,57.8,15893222,1369
9708,Somalia索馬利亞,Africa,2030,61.4,21191037,1893
9711,Somaliland索馬里蘭,Africa,1950,43.8,14244535,4421
9721,Somaliland索馬里蘭,Africa,1960,49.2,17474614,5656
9731,Somaliland索馬里蘭,Africa,1970,53.0,22760414,7505
9741,Somaliland索馬里蘭,Africa,1980,57.1,29535990,8352
9751,Somaliland索馬里蘭,Africa,1990,61.5,38351847,7465
9761,Somaliland索馬里蘭,Africa,2000,56.1,1957160,9584
9771,Somaliland索馬里蘭,Africa,2010,57.7,2630259,12880
9781,Somaliland索馬里蘭,Africa,2020,64.5,3534848,17309
9791,Somaliland索馬里蘭,Africa,2030,67.7,4750540,23262
9794,South Africa南非,Africa,1950,43.8,14244535,4421
9804,South Africa南非,Africa,1960,49.2,17474614,5656
9814,South Africa南非,Africa,1970,53.0,22760414,7505
9824,South Africa南非,Africa,1980,57.1,29535990,8352
9834,South Africa南非,Africa,1990,61.5,38351847,7465
9844,South Africa南非,Africa,2000,56.1,43794175,7618
9854,South Africa南非,Africa,2010,57.7,51216964,8789
9864,South Africa南非,Africa,2020,64.5,59308690,7180
9874,South Africa南非,Africa,2030,67.7,65956081,8160
9877,Spain西班牙,Europe,1950,64.3,28529470,3542
9887,Spain西班牙,Europe,1960,68.5,30631482,5242
9897,Spain西班牙,Europe,1970,72.4,33848007,9581
9907,Spain西班牙,Europe,1980,75.5,37365586,13650
9917,Spain西班牙,Europe,1990,77.3,39281944,17468
9927,Spain西班牙,Europe,2000,79.4,40033687,23079
9937,Spain西班牙,Europe,2010,81.6,46931015,29953
9947,Spain西班牙,Europe,2020,83.7,46754778,31100
9957,Spain西班牙,Europe,2030,85.2,46230140,40100
9960,Sri Lanka斯里蘭卡,Asia,1950,56.1,7961942,1088
9970,Sri Lanka斯里蘭卡,Asia,1960,61.9,9904580,1074
9980,Sri Lanka斯里蘭卡,Asia,1970,64.7,12504998,1182
9990,Sri Lanka斯里蘭卡,Asia,1980,67.6,14892825,1528
10000,Sri Lanka斯里蘭卡,Asia,1990,69.8,17150358,2043
10010,Sri Lanka斯里蘭卡,Asia,2000,70.7,19225532,2875
10020,Sri Lanka斯里蘭卡,Asia,2010,75.4,20261737,3980
10030,Sri Lanka斯里蘭卡,Asia,2020,77.1,21413249,3950
10040,Sri Lanka斯里蘭卡,Asia,2030,78.8,22023016,5900
10043,Sudan蘇丹,Africa,1950,38.2,8484267,1554
10053,Sudan蘇丹,Africa,1960,40.4,10611293,1884
10063,Sudan蘇丹,Africa,1970,44.2,13844663,1671
10073,Sudan蘇丹,Africa,1980,49.3,19062226,2019
10083,Sudan蘇丹,Africa,1990,52.8,26826937,1498
10093,Sudan蘇丹,Africa,2000,56.0,35118470,1849
10103,Sudan蘇丹,Africa,2010,62.8,34545013,2383
10113,Sudan蘇丹,Africa,2020,65.5,43849260,1600
10123,Sudan蘇丹,Africa,2030,67.7,55253529,3460
10126,Swaziland史瓦帝尼王國,Africa,1950,40.6,269843,1110
10136,Swaziland史瓦帝尼王國,Africa,1960,44.4,352700,1612
10146,Swaziland史瓦帝尼王國,Africa,1970,48.4,456339,3064
10156,Swaziland史瓦帝尼王國,Africa,1980,54.4,610511,3850
10166,Swaziland史瓦帝尼王國,Africa,1990,58.2,889146,3726
10176,Swaziland史瓦帝尼王國,Africa,2000,48.0,1099956,4028
10186,Swaziland史瓦帝尼王國,Africa,2010,46.0,1064837,4590
10196,Swaziland史瓦帝尼王國,Africa,2020,60.6,1160164,4750
10206,Swaziland史瓦帝尼王國,Africa,2030,75.2,1297835,5670
10209,Sweden瑞典,Europe,1950,71.6,7104273,7974
10219,Sweden瑞典,Europe,1960,73.0,7482474,11362
10229,Sweden瑞典,Europe,1970,74.5,8020548,16803
10239,Sweden瑞典,Europe,1980,76.03,8295815,19943
10249,Sweden瑞典,Europe,1990,77.77,8599881,23763
10259,Sweden瑞典,Europe,2000,79.78,8931553,27712
10269,Sweden瑞典,Europe,2010,81.45,9390168,39889
10279,Sweden瑞典,Europe,2020,82.86,10099265,56000
10289,Sweden瑞典,Europe,2030,84.34,10629981,80510
10292,Switzerland瑞士,Europe,1950,69.24,4794600,13464
10302,Switzerland瑞士,Europe,1960,71.02,5450000,19422
10312,Switzerland瑞士,Europe,1970,73.38,6266040,25504
10322,Switzerland瑞士,Europe,1980,75.88,6407445,27832
10332,Switzerland瑞士,Europe,1990,77.78,6857245,31236
10342,Switzerland瑞士,Europe,2000,80.12,7294559,33543
10352,Switzerland瑞士,Europe,2010,82.25,7808675,47981
10362,Switzerland瑞士,Europe,2020,84.16,8654622,77200
10372,Switzerland瑞士,Europe,2030,86.18,9185115,89900
10375,Syria敘利亞,Asia,1950,44.92,3641149,1454
10385,Syria敘利亞,Asia,1960,49.5,4560736,2163
10395,Syria敘利亞,Asia,1970,55.84,6293028,2296
10405,Syria敘利亞,Asia,1980,63.23,8819298,3535
10415,Syria敘利亞,Asia,1990,68.34,12428576,3251
10425,Syria敘利亞,Asia,2000,72.44,16325895,4060
10435,Syria敘利亞,Asia,2010,72.11,21362529,3847
10445,Syria敘利亞,Asia,2020,73.4,17500658,2891
10455,Syria敘利亞,Asia,2030,81.52,26676565,3479
10458,Taiwan台灣(中華民國),Asia,1950,56.94,8529962,1087
10468,Taiwan台灣(中華民國),Asia,1960,64.08,11217049,1697
10478,Taiwan台灣(中華民國),Asia,1970,68.63,14595100,3495
10488,Taiwan台灣(中華民國),Asia,1980,71.53,17814912,6694
10498,Taiwan台灣(中華民國),Asia,1990,73.92,20315270,13551
10508,Taiwan台灣(中華民國),Asia,2000,76.29,22123985,22024
10518,Taiwan台灣(中華民國),Asia,2010,78.62,23187551,28647
10528,Taiwan台灣(中華民國),Asia,2020,80.57,23816775,29172
10538,Taiwan台灣(中華民國),Asia,2030,82.47,24011258,36935
10541,Tanzania坦尚尼亞,Africa,1950,40.51,8302525,724
10551,Tanzania坦尚尼亞,Africa,1960,43.74,10299505,713
10561,Tanzania坦尚尼亞,Africa,1970,46.87,13866881,889
10571,Tanzania坦尚尼亞,Africa,1980,50.33,18758455,910
10581,Tanzania坦尚尼亞,Africa,1990,50.88,25179536,828
10591,Tanzania坦尚尼亞,Africa,2000,49.18,33031023,855
10601,Tanzania坦尚尼亞,Africa,2010,58.58,44346525,1086
10611,Tanzania坦尚尼亞,Africa,2020,66.09,59734218,1061
10621,Tanzania坦尚尼亞,Africa,2030,71.45,79162725,1466
10624,Thailand泰國,Asia,1950,49.74,21269002,743
10634,Thailand泰國,Asia,1960,55.09,27574805,919
10644,Thailand泰國,Asia,1970,59.56,37175391,1433
10654,Thailand泰國,Asia,1980,63.76,46955610,2220
10664,Thailand泰國,Asia,1990,66.81,55164394,3963
10674,Thailand泰國,Asia,2000,68.15,61770720,5889
10684,Thailand泰國,Asia,2010,74.18,67195028,7219
10694,Thailand泰國,Asia,2020,77.43,69799978,6450
10704,Thailand泰國,Asia,2030,79.91,70345536,7950
10707,Togo多哥,Africa,1950,37.55,1198713,833
10717,Togo多哥,Africa,1960,42.84,1459837,1011
10727,Togo多哥,Africa,1970,48.56,1928031,1581
10737,Togo多哥,Africa,1980,54.44,2510292,1420
10747,Togo多哥,Africa,1990,57.61,3510237,1101
10757,Togo多哥,Africa,2000,57.89,4714783,925
10767,Togo多哥,Africa,2010,57.47,6421679,836
10777,Togo多哥,Africa,2020,61.3,8278724,620
10787,Togo多哥,Africa,2030,64.01,10421916,1330
10790,Trinidad and Tobago千里達及托巴哥(千里達),Americas,1950,58.02,642450,2592
10800,Trinidad and Tobago千里達及托巴哥(千里達),Americas,1960,63.66,838459,4639
10810,Trinidad and Tobago千里達及托巴哥(千里達),Americas,1970,65.7,969181,6220
10820,Trinidad and Tobago千里達及托巴哥(千里達),Americas,1980,68.62,1085491,8632
10830,Trinidad and Tobago千里達及托巴哥(千里達),Americas,1990,69.75,1186736,7378
10840,Trinidad and Tobago千里達及托巴哥(千里達),Americas,2000,69.17,1116340,10393
10850,Trinidad and Tobago千里達及托巴哥(千里達),Americas,2010,71.95,1328147,14283
10860,Trinidad and Tobago千里達及托巴哥(千里達),Americas,2020,73.65,1399488,14900
10870,Trinidad and Tobago千里達及托巴哥(千里達),Americas,2030,75.0,1413415,16450
10873,Tunisia突尼西亞,Africa,1950,43.6,3627335,1498
10883,Tunisia突尼西亞,Africa,1960,48.59,4152271,1554
10893,Tunisia突尼西亞,Africa,1970,54.18,5096899,2425
10903,Tunisia突尼西亞,Africa,1980,62.36,6442483,3384
10913,Tunisia突尼西亞,Africa,1990,68.76,8203837,4124
10923,Tunisia突尼西亞,Africa,2000,72.61,9555013,5384
10933,Tunisia突尼西亞,Africa,2010,75.04,10635244,6921
10943,Tunisia突尼西亞,Africa,2020,76.9,11818619,6600
10953,Tunisia突尼西亞,Africa,2030,78.84,12755757,7230
10956,Turkey土耳其,Europe,1950,41.79,22215277,1869
10966,Turkey土耳其,Europe,1960,50.49,28141593,2281
10976,Turkey土耳其,Europe,1970,55.94,35860299,3201
10986,Turkey土耳其,Europe,1980,60.42,45358888,4252
10996,Turkey土耳其,Europe,1990,64.93,56060018,5443
11006,Turkey土耳其,Europe,2000,70.04,65604416,6545
11016,Turkey土耳其,Europe,2010,74.51,72326988,10093
11026,Turkey土耳其,Europe,2020,77.99,84339067,14900
11036,Turkey土耳其,Europe,2030,80.75,89157785,21700
11039,Uganda烏干達,Africa,1950,38.94,5804397,719
11049,Uganda烏干達,Africa,1960,44.23,7283479,770
11059,Uganda烏干達,Africa,1970,49.83,9674289,934
11069,Uganda烏干達,Africa,1980,50.05,12346743,747
11079,Uganda烏干達,Africa,1990,49.9,17064534,634
11089,Uganda烏干達,Africa,2000,46.52,23328023,883
11099,Uganda烏干達,Africa,2010,57.1,32428167,1057
11109,Uganda烏干達,Africa,2020,63.89,45741007,1060
11119,Uganda烏干達,Africa,2030,68.46,59437928,1450
11122,United Kingdom英國,Europe,1950,68.68,50409600,9458
11132,United Kingdom英國,Europe,1960,70.62,52547200,12000
11142,United Kingdom英國,Europe,1970,71.75,55631000,15194
11152,United Kingdom英國,Europe,1980,73.53,56275422,17911
11162,United Kingdom英國,Europe,1990,75.85,57512457,22289
11172,United Kingdom英國,Europe,2000,77.97,59470765,28117
11182,United Kingdom英國,Europe,2010,80.4,63459808,35825
11192,United Kingdom英國,Europe,2020,81.26,67886011,39800
11202,United Kingdom英國,Europe,2030,81.26,70485490,61700
11205,United States美國,Americas,1950,68.02,157532600,13648
11215,United States美國,Americas,1960,69.92,180716400,15643
11225,United States美國,Americas,1970,71.11,205422400,20896
11235,United States美國,Americas,1980,74.14,227408301,24635
11245,United States美國,Americas,1990,75.66,251257927,31156
11255,United States美國,Americas,2000,77.11,281770020,37765
11265,United States美國,Americas,2010,78.54,309011475,46166
11275,United States美國,Americas,2020,78.54,331002651,53240
11285,United States美國,Americas,2030,78.54,349641876,61400
11288,Uruguay烏拉圭,Americas,1950,65.68,2232565,5543
11298,Uruguay烏拉圭,Americas,1960,67.77,2529063,5822
11308,Uruguay烏拉圭,Americas,1970,68.59,2797147,5600
11318,Uruguay烏拉圭,Americas,1980,70.28,2921806,6754
11328,Uruguay烏拉圭,Americas,1990,72.42,3107618,7863
11338,Uruguay烏拉圭,Americas,2000,74.87,3322986,8328
11348,Uruguay烏拉圭,Americas,2010,76.75,3359275,11608
11358,Uruguay烏拉圭,Americas,2020,78.05,3473730,14100
11368,Uruguay烏拉圭,Americas,2030,79.43,3569471,15800
11371,Venezuela委內瑞拉,Americas,1950,53.96,5419168,6845
11381,Venezuela委內瑞拉,Americas,1960,59.62,7567092,8975
11391,Venezuela委內瑞拉,Americas,1970,64.82,10793210,10120
11401,Venezuela委內瑞拉,Americas,1980,68.12,14773885,11949
11411,Venezuela委內瑞拉,Americas,1990,70.77,19323411,10394
11421,Venezuela委內瑞拉,Americas,2000,72.52,23522361,9229
11431,Venezuela委內瑞拉,Americas,2010,73.13,28439940,12068
11441,Venezuela委內瑞拉,Americas,2020,71.89,28435940,10000
11451,Venezuela委內瑞拉,Americas,2030,70.71,33626469,8915
11454,Vietnam越南,Asia,1950,39.42,26226439,577
11464,Vietnam越南,Asia,1960,44.37,31877101,734
11474,Vietnam越南,Asia,1970,49.29,42578572,675
11484,Vietnam越南,Asia,1980,57.6,53898711,710
11494,Vietnam越南,Asia,1990,65.73,67095033,922
11504,Vietnam越南,Asia,2000,72.08,78964487,1613
11514,Vietnam越南,Asia,2010,74.84,87967651,2352
11524,Vietnam越南,Asia,2020,75.47,97338579,1990
11534,Vietnam越南,Asia,2030,76.23,104163519,2390
11537,West Bank and Gaza巴勒斯坦領土,Asia,1950,42.16,1010185,1391
11547,West Bank and Gaza巴勒斯坦領土,Asia,1960,47.14,1108056,2050
11557,West Bank and Gaza巴勒斯坦領土,Asia,1970,54.57,1110798,2940
11567,West Bank and Gaza巴勒斯坦領土,Asia,1980,62.95,1359962,4075
11577,West Bank and Gaza巴勒斯坦領土,Asia,1990,68.65,1939351,5653
11587,West Bank and Gaza巴勒斯坦領土,Asia,2000,71.86,3164165,5554
11597,West Bank and Gaza巴勒斯坦領土,Asia,2010,72.79,41034933,3028
11607,West Bank and Gaza巴勒斯坦領土,Asia,2020,74.21,44598032,3098
11617,West Bank and Gaza巴勒斯坦領土,Asia,2030,75.76,48954034,3761
11620,"Yemen, Rep.葉門",Asia,1950,31.98,4943429,772
11630,"Yemen, Rep.葉門",Asia,1960,34.7,5871285,817
11640,"Yemen, Rep.葉門",Asia,1970,38.7,7140559,1104
11650,"Yemen, Rep.葉門",Asia,1980,47.14,9156167,1918
11660,"Yemen, Rep.葉門",Asia,1990,54.53,12508534,1916
11670,"Yemen, Rep.葉門",Asia,2000,59.39,17551353,2188
11680,"Yemen, Rep.葉門",Asia,2010,65.55,23154855,1869
11690,"Yemen, Rep.葉門",Asia,2020,66.12,29825964,513
11700,"Yemen, Rep.葉門",Asia,2030,66.22,36406888,772
11703,Zambia尚比亞,Africa,1950,41.22,2651600,1082
11713,Zambia尚比亞,Africa,1960,45.24,3259000,1396
11723,Zambia尚比亞,Africa,1970,49.17,4263898,1775
11733,Zambia尚比亞,Africa,1980,51.65,5746864,1481
11743,Zambia尚比亞,Africa,1990,47.99,7937660,1212
11753,Zambia尚比亞,Africa,2000,39.61,10124602,1072
11763,Zambia尚比亞,Africa,2010,55.66,13605984,1368
11773,Zambia尚比亞,Africa,2020,64.44,18383955,1600
11783,Zambia尚比亞,Africa,2030,69.11,24325505,1810
11786,Zimbabwe辛巴威,Africa,1950,47.64,3060507,362
11796,Zimbabwe辛巴威,Africa,1960,51.6,4025178,524
11806,Zimbabwe辛巴威,Africa,1970,54.98,5514854,708
11816,Zimbabwe辛巴威,Africa,1980,61.56,8584460,739
11826,Zimbabwe辛巴威,Africa,1990,52.24,11124705,753
11836,Zimbabwe辛巴威,Africa,2000,42.09,12157311,551
11846,Zimbabwe辛巴威,Africa,2010,50.64,12697723,648
11856,Zimbabwe辛巴威,Africa,2020,61.96,14862924,950
11866,Zimbabwe辛巴威,Africa,2030,65.79,17596447,1724
